timestamp,temperatura_pr1,date (America/Sao_Paulo)
1763348328021,4.8,2025-11-16 23:58:48.021000-03:00
1763348267634,5.6,2025-11-16 23:57:47.634000-03:00
1763348207303,6.0,2025-11-16 23:56:47.303000-03:00
1763348146976,5.8,2025-11-16 23:55:46.976000-03:00
1763348086649,5.3,2025-11-16 23:54:46.649000-03:00
1763348026329,4.8,2025-11-16 23:53:46.329000-03:00
1763347966002,4.3,2025-11-16 23:52:46.002000-03:00
1763347905668,3.9,2025-11-16 23:51:45.668000-03:00
1763347845338,3.5,2025-11-16 23:50:45.338000-03:00
1763347785014,3.8,2025-11-16 23:49:45.014000-03:00
1763347724708,4.7,2025-11-16 23:48:44.708000-03:00
1763347664367,5.4,2025-11-16 23:47:44.367000-03:00
1763347604036,5.9,2025-11-16 23:46:44.036000-03:00
1763347543717,5.9,2025-11-16 23:45:43.717000-03:00
1763347483320,5.4,2025-11-16 23:44:43.320000-03:00
1763347422995,4.9,2025-11-16 23:43:42.995000-03:00
1763347362667,4.4,2025-11-16 23:42:42.667000-03:00
1763347302337,3.9,2025-11-16 23:41:42.337000-03:00
1763347242012,3.5,2025-11-16 23:40:42.012000-03:00
1763347181621,3.7,2025-11-16 23:39:41.621000-03:00
1763347121299,4.6,2025-11-16 23:38:41.299000-03:00
1763347060982,5.4,2025-11-16 23:37:40.982000-03:00
1763347000644,5.9,2025-11-16 23:36:40.644000-03:00
1763346940316,6.0,2025-11-16 23:35:40.316000-03:00
1763346879989,5.5,2025-11-16 23:34:39.989000-03:00
1763346819664,5.0,2025-11-16 23:33:39.664000-03:00
1763346759333,4.5,2025-11-16 23:32:39.333000-03:00
1763346699006,4.0,2025-11-16 23:31:39.006000-03:00
1763346638516,3.5,2025-11-16 23:30:38.516000-03:00
1763346578183,3.6,2025-11-16 23:29:38.183000-03:00
1763346517641,4.4,2025-11-16 23:28:37.641000-03:00
1763346457313,5.3,2025-11-16 23:27:37.313000-03:00
1763346396989,5.9,2025-11-16 23:26:36.989000-03:00
1763346336662,6.0,2025-11-16 23:25:36.662000-03:00
1763346276331,5.5,2025-11-16 23:24:36.331000-03:00
1763346216008,5.0,2025-11-16 23:23:36.008000-03:00
1763346155631,4.4,2025-11-16 23:22:35.631000-03:00
1763346095303,3.9,2025-11-16 23:21:35.303000-03:00
1763346034971,3.5,2025-11-16 23:20:34.971000-03:00
1763345974646,3.9,2025-11-16 23:19:34.646000-03:00
1763345914318,4.8,2025-11-16 23:18:34.318000-03:00
1763345853993,5.5,2025-11-16 23:17:33.993000-03:00
1763345793663,6.0,2025-11-16 23:16:33.663000-03:00
1763345733339,5.9,2025-11-16 23:15:33.339000-03:00
1763345673011,5.3,2025-11-16 23:14:33.011000-03:00
1763345612620,4.8,2025-11-16 23:13:32.620000-03:00
1763345552300,4.3,2025-11-16 23:12:32.300000-03:00
1763345491974,3.8,2025-11-16 23:11:31.974000-03:00
1763345431632,3.5,2025-11-16 23:10:31.632000-03:00
1763345371313,3.8,2025-11-16 23:09:31.313000-03:00
1763345310978,4.7,2025-11-16 23:08:30.978000-03:00
1763345250654,5.5,2025-11-16 23:07:30.654000-03:00
1763345190329,6.0,2025-11-16 23:06:30.329000-03:00
1763345129997,5.9,2025-11-16 23:05:29.997000-03:00
1763345069614,5.4,2025-11-16 23:04:29.614000-03:00
1763345009284,4.9,2025-11-16 23:03:29.284000-03:00
1763344948970,4.4,2025-11-16 23:02:28.970000-03:00
1763344888655,3.9,2025-11-16 23:01:28.655000-03:00
1763344828306,3.5,2025-11-16 23:00:28.306000-03:00
1763344767975,3.7,2025-11-16 22:59:27.975000-03:00
1763344707652,4.6,2025-11-16 22:58:27.652000-03:00
1763344647338,5.4,2025-11-16 22:57:27.338000-03:00
1763344586994,5.9,2025-11-16 22:56:26.994000-03:00
1763344526607,6.0,2025-11-16 22:55:26.607000-03:00
1763344466278,5.4,2025-11-16 22:54:26.278000-03:00
1763344405955,4.9,2025-11-16 22:53:25.955000-03:00
1763344345646,4.4,2025-11-16 22:52:25.646000-03:00
1763344285298,3.9,2025-11-16 22:51:25.298000-03:00
1763344224977,3.5,2025-11-16 22:50:24.977000-03:00
1763344164653,3.7,2025-11-16 22:49:24.653000-03:00
1763344104320,4.5,2025-11-16 22:48:24.320000-03:00
1763344043994,5.4,2025-11-16 22:47:23.994000-03:00
1763343983654,5.9,2025-11-16 22:46:23.654000-03:00
1763343923323,6.0,2025-11-16 22:45:23.323000-03:00
1763343862988,5.5,2025-11-16 22:44:22.988000-03:00
1763343802663,5.0,2025-11-16 22:43:22.663000-03:00
1763343742333,4.5,2025-11-16 22:42:22.333000-03:00
1763343681713,4.0,2025-11-16 22:41:21.713000-03:00
1763343621378,3.6,2025-11-16 22:40:21.378000-03:00
1763343561083,3.6,2025-11-16 22:39:21.083000-03:00
1763343500889,4.4,2025-11-16 22:38:20.889000-03:00
1763343440403,5.3,2025-11-16 22:37:20.403000-03:00
1763343380093,5.8,2025-11-16 22:36:20.093000-03:00
1763343319749,6.1,2025-11-16 22:35:19.749000-03:00
1763343259420,5.6,2025-11-16 22:34:19.420000-03:00
1763343199089,5.0,2025-11-16 22:33:19.089000-03:00
1763343138769,4.5,2025-11-16 22:32:18.769000-03:00
1763343078442,4.0,2025-11-16 22:31:18.442000-03:00
1763343018111,3.6,2025-11-16 22:30:18.111000-03:00
1763342957786,3.6,2025-11-16 22:29:17.786000-03:00
1763342897465,4.3,2025-11-16 22:28:17.465000-03:00
1763342837131,5.2,2025-11-16 22:27:17.131000-03:00
1763342776804,5.8,2025-11-16 22:26:16.804000-03:00
1763342716300,6.0,2025-11-16 22:25:16.300000-03:00
1763342655965,5.5,2025-11-16 22:24:15.965000-03:00
1763342595637,5.0,2025-11-16 22:23:15.637000-03:00
1763342535311,4.5,2025-11-16 22:22:15.311000-03:00
1763342474988,4.0,2025-11-16 22:21:14.988000-03:00
1763342414591,3.6,2025-11-16 22:20:14.591000-03:00
1763342354261,3.9,2025-11-16 22:19:14.261000-03:00
1763342293939,4.9,2025-11-16 22:18:13.939000-03:00
1763342233611,5.6,2025-11-16 22:17:13.611000-03:00
1763342173284,6.0,2025-11-16 22:16:13.284000-03:00
1763342112964,5.8,2025-11-16 22:15:12.964000-03:00
1763342052632,5.3,2025-11-16 22:14:12.632000-03:00
1763341992324,4.8,2025-11-16 22:13:12.324000-03:00
1763341931988,4.3,2025-11-16 22:12:11.988000-03:00
1763341871639,3.8,2025-11-16 22:11:11.639000-03:00
1763341811020,3.5,2025-11-16 22:10:11.020000-03:00
1763341750698,3.9,2025-11-16 22:09:10.698000-03:00
1763341690367,4.8,2025-11-16 22:08:10.367000-03:00
1763341630039,5.5,2025-11-16 22:07:10.039000-03:00
1763341569711,6.0,2025-11-16 22:06:09.711000-03:00
1763341509402,5.9,2025-11-16 22:05:09.402000-03:00
1763341449077,5.3,2025-11-16 22:04:09.077000-03:00
1763341388735,4.8,2025-11-16 22:03:08.735000-03:00
1763341328404,4.3,2025-11-16 22:02:08.404000-03:00
1763341268081,3.8,2025-11-16 22:01:08.081000-03:00
1763341207758,3.5,2025-11-16 22:00:07.758000-03:00
1763341147428,3.8,2025-11-16 21:59:07.428000-03:00
1763341087097,4.7,2025-11-16 21:58:07.097000-03:00
1763341026773,5.5,2025-11-16 21:57:06.773000-03:00
1763340966443,6.0,2025-11-16 21:56:06.443000-03:00
1763340906119,5.9,2025-11-16 21:55:06.119000-03:00
1763340845669,5.4,2025-11-16 21:54:05.669000-03:00
1763340785349,4.8,2025-11-16 21:53:05.349000-03:00
1763340725022,4.3,2025-11-16 21:52:05.022000-03:00
1763340664694,3.9,2025-11-16 21:51:04.694000-03:00
1763340604369,3.5,2025-11-16 21:50:04.369000-03:00
1763340544050,3.8,2025-11-16 21:49:04.050000-03:00
1763340483714,4.7,2025-11-16 21:48:03.714000-03:00
1763340423400,5.5,2025-11-16 21:47:03.400000-03:00
1763340363061,6.0,2025-11-16 21:46:03.061000-03:00
1763340302738,5.9,2025-11-16 21:45:02.738000-03:00
1763340242409,5.3,2025-11-16 21:44:02.409000-03:00
1763340182087,4.8,2025-11-16 21:43:02.087000-03:00
1763340121753,4.3,2025-11-16 21:42:01.753000-03:00
1763340061449,3.8,2025-11-16 21:41:01.449000-03:00
1763340001097,3.5,2025-11-16 21:40:01.097000-03:00
1763339940785,3.8,2025-11-16 21:39:00.785000-03:00
1763339880354,4.7,2025-11-16 21:38:00.354000-03:00
1763339820028,5.5,2025-11-16 21:37:00.028000-03:00
1763339759703,6.0,2025-11-16 21:35:59.703000-03:00
1763339699376,5.9,2025-11-16 21:34:59.376000-03:00
1763339639047,5.4,2025-11-16 21:33:59.047000-03:00
1763339578722,4.8,2025-11-16 21:32:58.722000-03:00
1763339518392,4.3,2025-11-16 21:31:58.392000-03:00
1763339458071,3.9,2025-11-16 21:30:58.071000-03:00
1763339397740,3.5,2025-11-16 21:29:57.740000-03:00
1763339337415,3.8,2025-11-16 21:28:57.415000-03:00
1763339277083,4.7,2025-11-16 21:27:57.083000-03:00
1763339216755,5.5,2025-11-16 21:26:56.755000-03:00
1763339156429,6.0,2025-11-16 21:25:56.429000-03:00
1763339096102,5.9,2025-11-16 21:24:56.102000-03:00
1763339035779,5.4,2025-11-16 21:23:55.779000-03:00
1763338975450,4.8,2025-11-16 21:22:55.450000-03:00
1763338910781,4.3,2025-11-16 21:21:50.781000-03:00
1763338850457,3.8,2025-11-16 21:20:50.457000-03:00
1763338790129,3.5,2025-11-16 21:19:50.129000-03:00
1763338729799,3.9,2025-11-16 21:18:49.799000-03:00
1763338669470,4.8,2025-11-16 21:17:49.470000-03:00
1763338609173,5.6,2025-11-16 21:16:49.173000-03:00
1763338548820,6.0,2025-11-16 21:15:48.820000-03:00
1763338488373,5.9,2025-11-16 21:14:48.373000-03:00
1763338428049,5.3,2025-11-16 21:13:48.049000-03:00
1763338367714,4.8,2025-11-16 21:12:47.714000-03:00
1763338307391,4.3,2025-11-16 21:11:47.391000-03:00
1763338247063,3.8,2025-11-16 21:10:47.063000-03:00
1763338186738,3.5,2025-11-16 21:09:46.738000-03:00
1763338126416,3.9,2025-11-16 21:08:46.416000-03:00
1763338066086,4.8,2025-11-16 21:07:46.086000-03:00
1763338005761,5.6,2025-11-16 21:06:45.761000-03:00
1763337945430,6.0,2025-11-16 21:05:45.430000-03:00
1763337885105,5.9,2025-11-16 21:04:45.105000-03:00
1763337824776,5.3,2025-11-16 21:03:44.776000-03:00
1763337764451,4.8,2025-11-16 21:02:44.451000-03:00
1763337704117,4.3,2025-11-16 21:01:44.117000-03:00
1763337643792,3.8,2025-11-16 21:00:43.792000-03:00
1763337583465,3.5,2025-11-16 20:59:43.465000-03:00
1763337522932,3.9,2025-11-16 20:58:42.932000-03:00
1763337462605,4.8,2025-11-16 20:57:42.605000-03:00
1763337402276,5.5,2025-11-16 20:56:42.276000-03:00
1763337341966,6.0,2025-11-16 20:55:41.966000-03:00
1763337281582,5.9,2025-11-16 20:54:41.582000-03:00
1763337221258,5.3,2025-11-16 20:53:41.258000-03:00
1763337160922,4.8,2025-11-16 20:52:40.922000-03:00
1763337100595,4.3,2025-11-16 20:51:40.595000-03:00
1763337040278,3.8,2025-11-16 20:50:40.278000-03:00
1763336979940,3.5,2025-11-16 20:49:39.940000-03:00
1763336919616,3.9,2025-11-16 20:48:39.616000-03:00
1763336859285,4.8,2025-11-16 20:47:39.285000-03:00
1763336798959,5.5,2025-11-16 20:46:38.959000-03:00
1763336738635,6.0,2025-11-16 20:45:38.635000-03:00
1763336678302,5.9,2025-11-16 20:44:38.302000-03:00
1763336617911,5.3,2025-11-16 20:43:37.911000-03:00
1763336557586,4.8,2025-11-16 20:42:37.586000-03:00
1763336497252,4.3,2025-11-16 20:41:37.252000-03:00
1763336436927,3.8,2025-11-16 20:40:36.927000-03:00
1763336376607,3.5,2025-11-16 20:39:36.607000-03:00
1763336316270,3.9,2025-11-16 20:38:36.270000-03:00
1763336255942,4.8,2025-11-16 20:37:35.942000-03:00
1763336195577,5.6,2025-11-16 20:36:35.577000-03:00
1763336135252,6.0,2025-11-16 20:35:35.252000-03:00
1763336074923,5.8,2025-11-16 20:34:34.923000-03:00
1763336014598,5.3,2025-11-16 20:33:34.598000-03:00
1763335954269,4.8,2025-11-16 20:32:34.269000-03:00
1763335893946,4.3,2025-11-16 20:31:33.946000-03:00
1763335833624,3.8,2025-11-16 20:30:33.624000-03:00
1763335773293,3.5,2025-11-16 20:29:33.293000-03:00
1763335712978,3.9,2025-11-16 20:28:32.978000-03:00
1763335652335,4.9,2025-11-16 20:27:32.335000-03:00
1763335592035,5.6,2025-11-16 20:26:32.035000-03:00
1763335531679,6.0,2025-11-16 20:25:31.679000-03:00
1763335471361,5.8,2025-11-16 20:24:31.361000-03:00
1763335411033,5.3,2025-11-16 20:23:31.033000-03:00
1763335350703,4.7,2025-11-16 20:22:30.703000-03:00
1763335290392,4.2,2025-11-16 20:21:30.392000-03:00
1763335230049,3.8,2025-11-16 20:20:30.049000-03:00
1763335169726,3.5,2025-11-16 20:19:29.726000-03:00
1763335109401,4.0,2025-11-16 20:18:29.401000-03:00
1763335049074,4.9,2025-11-16 20:17:29.074000-03:00
1763334988757,5.6,2025-11-16 20:16:28.757000-03:00
1763334928416,6.1,2025-11-16 20:15:28.416000-03:00
1763334868091,5.8,2025-11-16 20:14:28.091000-03:00
1763334807780,5.2,2025-11-16 20:13:27.780000-03:00
1763334747433,4.7,2025-11-16 20:12:27.433000-03:00
1763334686942,4.2,2025-11-16 20:11:26.942000-03:00
1763334626555,3.7,2025-11-16 20:10:26.555000-03:00
1763334566225,3.5,2025-11-16 20:09:26.225000-03:00
1763334505904,4.0,2025-11-16 20:08:25.904000-03:00
1763334445574,5.0,2025-11-16 20:07:25.574000-03:00
1763334385255,5.6,2025-11-16 20:06:25.255000-03:00
1763334324917,6.1,2025-11-16 20:05:24.917000-03:00
1763334264594,5.8,2025-11-16 20:04:24.594000-03:00
1763334204261,5.2,2025-11-16 20:03:24.261000-03:00
1763334143936,4.7,2025-11-16 20:02:23.936000-03:00
1763334083597,4.2,2025-11-16 20:01:23.597000-03:00
1763334023261,3.7,2025-11-16 20:00:23.261000-03:00
1763333962934,3.5,2025-11-16 19:59:22.934000-03:00
1763333902596,4.1,2025-11-16 19:58:22.596000-03:00
1763333842271,5.0,2025-11-16 19:57:22.271000-03:00
1763333781668,5.7,2025-11-16 19:56:21.668000-03:00
1763333721336,6.1,2025-11-16 19:55:21.336000-03:00
1763333661010,5.8,2025-11-16 19:54:21.010000-03:00
1763333600682,5.2,2025-11-16 19:53:20.682000-03:00
1763333540360,4.7,2025-11-16 19:52:20.360000-03:00
1763333480054,4.2,2025-11-16 19:51:20.054000-03:00
1763333419697,3.7,2025-11-16 19:50:19.697000-03:00
1763333359371,3.5,2025-11-16 19:49:19.371000-03:00
1763333299046,4.2,2025-11-16 19:48:19.046000-03:00
1763333238722,5.1,2025-11-16 19:47:18.722000-03:00
1763333178387,5.7,2025-11-16 19:46:18.387000-03:00
1763333118064,6.1,2025-11-16 19:45:18.064000-03:00
1763333057731,5.7,2025-11-16 19:44:17.731000-03:00
1763332997407,5.2,2025-11-16 19:43:17.407000-03:00
1763332937080,4.6,2025-11-16 19:42:17.080000-03:00
1763332876746,4.1,2025-11-16 19:41:16.746000-03:00
1763332816236,3.6,2025-11-16 19:40:16.236000-03:00
1763332755909,3.6,2025-11-16 19:39:15.909000-03:00
1763332695582,4.3,2025-11-16 19:38:15.582000-03:00
1763332635251,5.2,2025-11-16 19:37:15.251000-03:00
1763332574937,5.8,2025-11-16 19:36:14.937000-03:00
1763332514539,6.1,2025-11-16 19:35:14.539000-03:00
1763332454216,5.6,2025-11-16 19:34:14.216000-03:00
1763332393886,5.0,2025-11-16 19:33:13.886000-03:00
1763332333576,4.4,2025-11-16 19:32:13.576000-03:00
1763332273252,3.9,2025-11-16 19:31:13.252000-03:00
1763332212907,3.6,2025-11-16 19:30:12.907000-03:00
1763332152577,4.1,2025-11-16 19:29:12.577000-03:00
1763332092248,5.0,2025-11-16 19:28:12.248000-03:00
1763332031930,5.7,2025-11-16 19:27:11.930000-03:00
1763331971587,6.1,2025-11-16 19:26:11.587000-03:00
1763331911209,5.8,2025-11-16 19:25:11.209000-03:00
1763331850904,5.2,2025-11-16 19:24:10.904000-03:00
1763331790557,4.7,2025-11-16 19:23:10.557000-03:00
1763331730228,4.1,2025-11-16 19:22:10.228000-03:00
1763331669905,3.7,2025-11-16 19:21:09.905000-03:00
1763331609573,3.6,2025-11-16 19:20:09.573000-03:00
1763331549256,4.3,2025-11-16 19:19:09.256000-03:00
1763331488917,5.1,2025-11-16 19:18:08.917000-03:00
1763331428451,5.7,2025-11-16 19:17:08.451000-03:00
1763331368123,6.1,2025-11-16 19:16:08.123000-03:00
1763331307805,5.7,2025-11-16 19:15:07.805000-03:00
1763331247467,5.1,2025-11-16 19:14:07.467000-03:00
1763331187136,4.6,2025-11-16 19:13:07.136000-03:00
1763331126242,4.1,2025-11-16 19:12:06.242000-03:00
1763331065646,3.6,2025-11-16 19:11:05.646000-03:00
1763331005321,3.6,2025-11-16 19:10:05.321000-03:00
1763330944984,4.5,2025-11-16 19:09:04.984000-03:00
1763330884661,5.5,2025-11-16 19:08:04.661000-03:00
1763330824332,6.4,2025-11-16 19:07:04.332000-03:00
1763330764005,7.2,2025-11-16 19:06:04.005000-03:00
1763330705995,7.9,2025-11-16 19:05:05.995000-03:00
1763330643350,8.0,2025-11-16 19:04:03.350000-03:00
1763330583030,7.7,2025-11-16 19:03:03.030000-03:00
1763330522703,7.4,2025-11-16 19:02:02.703000-03:00
1763330462400,7.1,2025-11-16 19:01:02.400000-03:00
1763330402058,6.9,2025-11-16 19:00:02.058000-03:00
1763330341874,6.6,2025-11-16 18:59:01.874000-03:00
1763330281394,6.3,2025-11-16 18:58:01.394000-03:00
1763330221062,6.1,2025-11-16 18:57:01.062000-03:00
1763330160735,5.9,2025-11-16 18:56:00.735000-03:00
1763330100292,5.8,2025-11-16 18:55:00.292000-03:00
1763330039973,6.0,2025-11-16 18:53:59.973000-03:00
1763329979641,5.9,2025-11-16 18:52:59.641000-03:00
1763329919309,5.4,2025-11-16 18:51:59.309000-03:00
1763329859012,4.9,2025-11-16 18:50:59.012000-03:00
1763329798664,4.3,2025-11-16 18:49:58.664000-03:00
1763329738333,3.9,2025-11-16 18:48:58.333000-03:00
1763329678022,3.5,2025-11-16 18:47:58.022000-03:00
1763329617677,3.8,2025-11-16 18:46:57.677000-03:00
1763329557350,4.8,2025-11-16 18:45:57.350000-03:00
1763329497061,5.5,2025-11-16 18:44:57.061000-03:00
1763329436698,6.0,2025-11-16 18:43:56.698000-03:00
1763329376368,5.8,2025-11-16 18:42:56.368000-03:00
1763329316044,5.3,2025-11-16 18:41:56.044000-03:00
1763329255721,4.7,2025-11-16 18:40:55.721000-03:00
1763329195397,4.2,2025-11-16 18:39:55.397000-03:00
1763329130521,3.7,2025-11-16 18:38:50.521000-03:00
1763329070190,3.7,2025-11-16 18:37:50.190000-03:00
1763329009870,4.6,2025-11-16 18:36:49.870000-03:00
1763328949542,5.4,2025-11-16 18:35:49.542000-03:00
1763328889209,5.9,2025-11-16 18:34:49.209000-03:00
1763328828892,6.0,2025-11-16 18:33:48.892000-03:00
1763328768553,5.5,2025-11-16 18:32:48.553000-03:00
1763328708241,4.9,2025-11-16 18:31:48.241000-03:00
1763328647932,4.4,2025-11-16 18:30:47.932000-03:00
1763328587518,3.9,2025-11-16 18:29:47.518000-03:00
1763328527183,3.5,2025-11-16 18:28:47.183000-03:00
1763328466856,3.8,2025-11-16 18:27:46.856000-03:00
1763328406533,4.7,2025-11-16 18:26:46.533000-03:00
1763328346205,5.5,2025-11-16 18:25:46.205000-03:00
1763328285880,6.0,2025-11-16 18:24:45.880000-03:00
1763328225551,5.9,2025-11-16 18:23:45.551000-03:00
1763328165232,5.4,2025-11-16 18:22:45.232000-03:00
1763328104899,4.8,2025-11-16 18:21:44.899000-03:00
1763328044401,4.3,2025-11-16 18:20:44.401000-03:00
1763327984073,3.8,2025-11-16 18:19:44.073000-03:00
1763327923756,3.5,2025-11-16 18:18:43.756000-03:00
1763327863438,3.9,2025-11-16 18:17:43.438000-03:00
1763327802876,4.8,2025-11-16 18:16:42.876000-03:00
1763327742548,5.6,2025-11-16 18:15:42.548000-03:00
1763327682221,6.0,2025-11-16 18:14:42.221000-03:00
1763327621924,5.8,2025-11-16 18:13:41.924000-03:00
1763327561522,5.3,2025-11-16 18:12:41.522000-03:00
1763327501191,4.7,2025-11-16 18:11:41.191000-03:00
1763327440866,4.2,2025-11-16 18:10:40.866000-03:00
1763327380542,3.7,2025-11-16 18:09:40.542000-03:00
1763327320220,3.5,2025-11-16 18:08:40.220000-03:00
1763327259886,4.1,2025-11-16 18:07:39.886000-03:00
1763327199565,5.0,2025-11-16 18:06:39.565000-03:00
1763327139235,5.7,2025-11-16 18:05:39.235000-03:00
1763327078906,6.1,2025-11-16 18:04:38.906000-03:00
1763327018575,5.7,2025-11-16 18:03:38.575000-03:00
1763326958249,5.1,2025-11-16 18:02:38.249000-03:00
1763326897667,4.6,2025-11-16 18:01:37.667000-03:00
1763326837336,4.1,2025-11-16 18:00:37.336000-03:00
1763326777002,3.6,2025-11-16 17:59:37.002000-03:00
1763326716669,3.6,2025-11-16 17:58:36.669000-03:00
1763326656359,4.4,2025-11-16 17:57:36.359000-03:00
1763326596029,5.3,2025-11-16 17:56:36.029000-03:00
1763326535699,5.8,2025-11-16 17:55:35.699000-03:00
1763326475368,6.1,2025-11-16 17:54:35.368000-03:00
1763326415153,5.5,2025-11-16 17:53:35.153000-03:00
1763326354724,5.0,2025-11-16 17:52:34.724000-03:00
1763326294387,4.4,2025-11-16 17:51:34.387000-03:00
1763326234062,3.9,2025-11-16 17:50:34.062000-03:00
1763326173742,3.5,2025-11-16 17:49:33.742000-03:00
1763326113414,3.7,2025-11-16 17:48:33.414000-03:00
1763326053093,4.6,2025-11-16 17:47:33.093000-03:00
1763325992710,5.5,2025-11-16 17:46:32.710000-03:00
1763325932169,6.0,2025-11-16 17:45:32.169000-03:00
1763325871846,5.9,2025-11-16 17:44:31.846000-03:00
1763325811516,5.3,2025-11-16 17:43:31.516000-03:00
1763325751192,4.8,2025-11-16 17:42:31.192000-03:00
1763325690862,4.2,2025-11-16 17:41:30.862000-03:00
1763325630535,3.7,2025-11-16 17:40:30.535000-03:00
1763325570209,3.6,2025-11-16 17:39:30.209000-03:00
1763325509893,4.5,2025-11-16 17:38:29.893000-03:00
1763325449497,5.3,2025-11-16 17:37:29.497000-03:00
1763325389178,5.9,2025-11-16 17:36:29.178000-03:00
1763325328842,6.0,2025-11-16 17:35:28.842000-03:00
1763325268536,5.5,2025-11-16 17:34:28.536000-03:00
1763325208225,4.9,2025-11-16 17:33:28.225000-03:00
1763325147859,4.4,2025-11-16 17:32:27.859000-03:00
1763325087532,3.9,2025-11-16 17:31:27.532000-03:00
1763325027205,3.5,2025-11-16 17:30:27.205000-03:00
1763324966881,3.8,2025-11-16 17:29:26.881000-03:00
1763324906485,4.7,2025-11-16 17:28:26.485000-03:00
1763324846162,5.5,2025-11-16 17:27:26.162000-03:00
1763324785840,6.0,2025-11-16 17:26:25.840000-03:00
1763324725508,5.8,2025-11-16 17:25:25.508000-03:00
1763324665183,5.3,2025-11-16 17:24:25.183000-03:00
1763324604857,4.7,2025-11-16 17:23:24.857000-03:00
1763324544532,4.2,2025-11-16 17:22:24.532000-03:00
1763324484200,3.7,2025-11-16 17:21:24.200000-03:00
1763324423878,3.7,2025-11-16 17:20:23.878000-03:00
1763324363490,4.5,2025-11-16 17:19:23.490000-03:00
1763324303165,5.4,2025-11-16 17:18:23.165000-03:00
1763324242834,5.9,2025-11-16 17:17:22.834000-03:00
1763324182505,6.0,2025-11-16 17:16:22.505000-03:00
1763324122180,5.5,2025-11-16 17:15:22.180000-03:00
1763324061851,4.9,2025-11-16 17:14:21.851000-03:00
1763324001527,4.4,2025-11-16 17:13:21.527000-03:00
1763323941207,3.9,2025-11-16 17:12:21.207000-03:00
1763323880875,3.5,2025-11-16 17:11:20.875000-03:00
1763323820485,3.8,2025-11-16 17:10:20.485000-03:00
1763323760157,4.8,2025-11-16 17:09:20.157000-03:00
1763323699827,5.5,2025-11-16 17:08:19.827000-03:00
1763323639502,6.0,2025-11-16 17:07:19.502000-03:00
1763323579187,5.9,2025-11-16 17:06:19.187000-03:00
1763323518850,5.3,2025-11-16 17:05:18.850000-03:00
1763323458527,4.8,2025-11-16 17:04:18.527000-03:00
1763323398194,4.3,2025-11-16 17:03:18.194000-03:00
1763323337867,3.8,2025-11-16 17:02:17.867000-03:00
1763323277526,3.5,2025-11-16 17:01:17.526000-03:00
1763323217210,4.0,2025-11-16 17:00:17.210000-03:00
1763323156867,5.0,2025-11-16 16:59:16.867000-03:00
1763323096499,5.7,2025-11-16 16:58:16.499000-03:00
1763323036327,6.1,2025-11-16 16:57:16.327000-03:00
1763322975850,5.7,2025-11-16 16:56:15.850000-03:00
1763322915518,5.2,2025-11-16 16:55:15.518000-03:00
1763322855194,4.6,2025-11-16 16:54:15.194000-03:00
1763322794871,4.1,2025-11-16 16:53:14.871000-03:00
1763322734477,3.6,2025-11-16 16:52:14.477000-03:00
1763322674154,3.9,2025-11-16 16:51:14.154000-03:00
1763322613832,4.8,2025-11-16 16:50:13.832000-03:00
1763322553499,5.6,2025-11-16 16:49:13.499000-03:00
1763322493178,6.0,2025-11-16 16:48:13.178000-03:00
1763322432842,5.8,2025-11-16 16:47:12.842000-03:00
1763322372515,5.3,2025-11-16 16:46:12.515000-03:00
1763322312188,4.7,2025-11-16 16:45:12.188000-03:00
1763322251873,4.1,2025-11-16 16:44:11.873000-03:00
1763322191480,3.7,2025-11-16 16:43:11.480000-03:00
1763322131154,3.7,2025-11-16 16:42:11.154000-03:00
1763322070823,4.6,2025-11-16 16:41:10.823000-03:00
1763322010500,5.4,2025-11-16 16:40:10.500000-03:00
1763321950168,5.9,2025-11-16 16:39:10.168000-03:00
1763321889836,6.0,2025-11-16 16:38:09.836000-03:00
1763321829509,5.4,2025-11-16 16:37:09.509000-03:00
1763321769203,4.9,2025-11-16 16:36:09.203000-03:00
1763321708853,4.4,2025-11-16 16:35:08.853000-03:00
1763321648466,3.9,2025-11-16 16:34:08.466000-03:00
1763321588137,3.5,2025-11-16 16:33:08.137000-03:00
1763321527808,3.8,2025-11-16 16:32:07.808000-03:00
1763321467489,4.7,2025-11-16 16:31:07.489000-03:00
1763321407158,5.5,2025-11-16 16:30:07.158000-03:00
1763321346833,6.0,2025-11-16 16:29:06.833000-03:00
1763321286505,5.9,2025-11-16 16:28:06.505000-03:00
1763321226175,5.3,2025-11-16 16:27:06.175000-03:00
1763321165578,4.8,2025-11-16 16:26:05.578000-03:00
1763321105246,4.3,2025-11-16 16:25:05.246000-03:00
1763321044914,3.8,2025-11-16 16:24:04.914000-03:00
1763320984594,3.5,2025-11-16 16:23:04.594000-03:00
1763320924286,4.0,2025-11-16 16:22:04.286000-03:00
1763320863935,4.9,2025-11-16 16:21:03.935000-03:00
1763320803616,5.6,2025-11-16 16:20:03.616000-03:00
1763320743290,6.1,2025-11-16 16:19:03.290000-03:00
1763320682965,5.8,2025-11-16 16:18:02.965000-03:00
1763320622630,5.2,2025-11-16 16:17:02.630000-03:00
1763320562301,4.7,2025-11-16 16:16:02.301000-03:00
1763320501975,4.2,2025-11-16 16:15:01.975000-03:00
1763320441647,3.7,2025-11-16 16:14:01.647000-03:00
1763320381321,3.5,2025-11-16 16:13:01.321000-03:00
1763320321002,4.1,2025-11-16 16:12:01.002000-03:00
1763320260667,5.0,2025-11-16 16:11:00.667000-03:00
1763320200240,5.7,2025-11-16 16:10:00.240000-03:00
1763320139914,6.1,2025-11-16 16:08:59.914000-03:00
1763320079593,5.7,2025-11-16 16:07:59.593000-03:00
1763320019266,5.2,2025-11-16 16:06:59.266000-03:00
1763319958941,4.6,2025-11-16 16:05:58.941000-03:00
1763319898745,4.1,2025-11-16 16:04:58.745000-03:00
1763319838279,3.7,2025-11-16 16:03:58.279000-03:00
1763319777969,3.6,2025-11-16 16:02:57.969000-03:00
1763319717629,4.3,2025-11-16 16:01:57.629000-03:00
1763319657308,5.2,2025-11-16 16:00:57.308000-03:00
1763319596981,5.8,2025-11-16 15:59:56.981000-03:00
1763319536650,6.1,2025-11-16 15:58:56.650000-03:00
1763319476326,5.6,2025-11-16 15:57:56.326000-03:00
1763319415998,5.1,2025-11-16 15:56:55.998000-03:00
1763319355671,4.6,2025-11-16 15:55:55.671000-03:00
1763319295345,4.1,2025-11-16 15:54:55.345000-03:00
1763319230657,3.6,2025-11-16 15:53:50.657000-03:00
1763319170330,3.6,2025-11-16 15:52:50.330000-03:00
1763319110010,4.4,2025-11-16 15:51:50.010000-03:00
1763319049841,5.3,2025-11-16 15:50:49.841000-03:00
1763318989349,5.8,2025-11-16 15:49:49.349000-03:00
1763318929022,6.1,2025-11-16 15:48:49.022000-03:00
1763318868695,5.6,2025-11-16 15:47:48.695000-03:00
1763318808167,5.0,2025-11-16 15:46:48.167000-03:00
1763318747840,4.5,2025-11-16 15:45:47.840000-03:00
1763318687450,4.0,2025-11-16 15:44:47.450000-03:00
1763318627128,3.6,2025-11-16 15:43:47.128000-03:00
1763318566799,3.7,2025-11-16 15:42:46.799000-03:00
1763318506469,4.5,2025-11-16 15:41:46.469000-03:00
1763318446139,5.4,2025-11-16 15:40:46.139000-03:00
1763318385814,5.9,2025-11-16 15:39:45.814000-03:00
1763318325495,6.0,2025-11-16 15:38:45.495000-03:00
1763318265166,5.5,2025-11-16 15:37:45.166000-03:00
1763318204857,4.9,2025-11-16 15:36:44.857000-03:00
1763318144517,4.4,2025-11-16 15:35:44.517000-03:00
1763318084024,3.9,2025-11-16 15:34:44.024000-03:00
1763318023689,3.5,2025-11-16 15:33:43.689000-03:00
1763317963357,3.7,2025-11-16 15:32:43.357000-03:00
1763317902816,4.6,2025-11-16 15:31:42.816000-03:00
1763317842487,5.4,2025-11-16 15:30:42.487000-03:00
1763317782158,5.9,2025-11-16 15:29:42.158000-03:00
1763317721833,6.0,2025-11-16 15:28:41.833000-03:00
1763317661452,5.4,2025-11-16 15:27:41.452000-03:00
1763317601121,4.9,2025-11-16 15:26:41.121000-03:00
1763317540797,4.4,2025-11-16 15:25:40.797000-03:00
1763317480467,3.9,2025-11-16 15:24:40.467000-03:00
1763317420142,3.5,2025-11-16 15:23:40.142000-03:00
1763317359811,3.8,2025-11-16 15:22:39.811000-03:00
1763317299496,4.7,2025-11-16 15:21:39.496000-03:00
1763317239157,5.5,2025-11-16 15:20:39.157000-03:00
1763317178835,6.0,2025-11-16 15:19:38.835000-03:00
1763317118341,5.9,2025-11-16 15:18:38.341000-03:00
1763317058009,5.4,2025-11-16 15:17:38.009000-03:00
1763316997572,4.8,2025-11-16 15:16:37.572000-03:00
1763316937246,4.3,2025-11-16 15:15:37.246000-03:00
1763316876921,3.8,2025-11-16 15:14:36.921000-03:00
1763316816587,3.5,2025-11-16 15:13:36.587000-03:00
1763316756259,3.9,2025-11-16 15:12:36.259000-03:00
1763316696061,4.8,2025-11-16 15:11:36.061000-03:00
1763316635608,5.5,2025-11-16 15:10:35.608000-03:00
1763316575278,6.0,2025-11-16 15:09:35.278000-03:00
1763316514951,5.9,2025-11-16 15:08:34.951000-03:00
1763316454633,5.3,2025-11-16 15:07:34.633000-03:00
1763316394299,4.8,2025-11-16 15:06:34.299000-03:00
1763316333971,4.3,2025-11-16 15:05:33.971000-03:00
1763316273646,3.8,2025-11-16 15:04:33.646000-03:00
1763316213318,3.5,2025-11-16 15:03:33.318000-03:00
1763316152991,3.9,2025-11-16 15:02:32.991000-03:00
1763316092670,4.8,2025-11-16 15:01:32.670000-03:00
1763316032210,5.6,2025-11-16 15:00:32.210000-03:00
1763315971888,6.0,2025-11-16 14:59:31.888000-03:00
1763315911555,5.8,2025-11-16 14:58:31.555000-03:00
1763315851368,5.3,2025-11-16 14:57:31.368000-03:00
1763315790904,4.8,2025-11-16 14:56:30.904000-03:00
1763315730582,4.3,2025-11-16 14:55:30.582000-03:00
1763315670267,3.8,2025-11-16 14:54:30.267000-03:00
1763315609926,3.5,2025-11-16 14:53:29.926000-03:00
1763315549595,4.0,2025-11-16 14:52:29.595000-03:00
1763315489268,4.9,2025-11-16 14:51:29.268000-03:00
1763315428944,5.6,2025-11-16 14:50:28.944000-03:00
1763315368616,6.1,2025-11-16 14:49:28.616000-03:00
1763315308286,5.8,2025-11-16 14:48:28.286000-03:00
1763315247967,5.3,2025-11-16 14:47:27.967000-03:00
1763315187647,4.7,2025-11-16 14:46:27.647000-03:00
1763315127305,4.2,2025-11-16 14:45:27.305000-03:00
1763315066896,3.7,2025-11-16 14:44:26.896000-03:00
1763315006556,3.5,2025-11-16 14:43:26.556000-03:00
1763314946225,4.1,2025-11-16 14:42:26.225000-03:00
1763314885899,5.0,2025-11-16 14:41:25.899000-03:00
1763314825605,5.7,2025-11-16 14:40:25.605000-03:00
1763314765251,6.1,2025-11-16 14:39:25.251000-03:00
1763314704922,5.7,2025-11-16 14:38:24.922000-03:00
1763314644593,5.2,2025-11-16 14:37:24.593000-03:00
1763314584276,4.7,2025-11-16 14:36:24.276000-03:00
1763314523964,4.2,2025-11-16 14:35:23.964000-03:00
1763314463615,3.7,2025-11-16 14:34:23.615000-03:00
1763314403282,3.5,2025-11-16 14:33:23.282000-03:00
1763314342958,4.1,2025-11-16 14:32:22.958000-03:00
1763314282628,5.0,2025-11-16 14:31:22.628000-03:00
1763314222304,5.7,2025-11-16 14:30:22.304000-03:00
1763314161976,6.1,2025-11-16 14:29:21.976000-03:00
1763314101536,5.7,2025-11-16 14:28:21.536000-03:00
1763314041202,5.2,2025-11-16 14:27:21.202000-03:00
1763313980869,4.7,2025-11-16 14:26:20.869000-03:00
1763313920551,4.2,2025-11-16 14:25:20.551000-03:00
1763313860215,3.7,2025-11-16 14:24:20.215000-03:00
1763313799891,3.5,2025-11-16 14:23:19.891000-03:00
1763313739572,4.2,2025-11-16 14:22:19.572000-03:00
1763313679237,5.0,2025-11-16 14:21:19.237000-03:00
1763313618910,5.7,2025-11-16 14:20:18.910000-03:00
1763313558586,6.1,2025-11-16 14:19:18.586000-03:00
1763313498254,5.7,2025-11-16 14:18:18.254000-03:00
1763313437935,5.2,2025-11-16 14:17:17.935000-03:00
1763313377603,4.6,2025-11-16 14:16:17.603000-03:00
1763313317287,4.1,2025-11-16 14:15:17.287000-03:00
1763313256954,3.7,2025-11-16 14:14:16.954000-03:00
1763313196621,3.5,2025-11-16 14:13:16.621000-03:00
1763313136191,4.2,2025-11-16 14:12:16.191000-03:00
1763313075853,5.1,2025-11-16 14:11:15.853000-03:00
1763313015535,5.7,2025-11-16 14:10:15.535000-03:00
1763312955201,6.1,2025-11-16 14:09:15.201000-03:00
1763312894877,5.7,2025-11-16 14:08:14.877000-03:00
1763312834568,5.2,2025-11-16 14:07:14.568000-03:00
1763312774227,4.7,2025-11-16 14:06:14.227000-03:00
1763312714011,4.2,2025-11-16 14:05:14.011000-03:00
1763312653592,3.7,2025-11-16 14:04:13.592000-03:00
1763312593252,3.5,2025-11-16 14:03:13.252000-03:00
1763312532913,4.2,2025-11-16 14:02:12.913000-03:00
1763312472597,5.1,2025-11-16 14:01:12.597000-03:00
1763312412259,5.7,2025-11-16 14:00:12.259000-03:00
1763312351934,6.1,2025-11-16 13:59:11.934000-03:00
1763312291617,5.7,2025-11-16 13:58:11.617000-03:00
1763312231287,5.2,2025-11-16 13:57:11.287000-03:00
1763312170849,4.6,2025-11-16 13:56:10.849000-03:00
1763312110530,4.2,2025-11-16 13:55:10.530000-03:00
1763312050199,3.7,2025-11-16 13:54:10.199000-03:00
1763311989874,3.5,2025-11-16 13:53:09.874000-03:00
1763311929542,4.2,2025-11-16 13:52:09.542000-03:00
1763311869216,5.1,2025-11-16 13:51:09.216000-03:00
1763311808908,5.7,2025-11-16 13:50:08.908000-03:00
1763311748566,6.1,2025-11-16 13:49:08.566000-03:00
1763311688233,5.7,2025-11-16 13:48:08.233000-03:00
1763311627913,5.2,2025-11-16 13:47:07.913000-03:00
1763311567583,4.6,2025-11-16 13:46:07.583000-03:00
1763311507257,4.1,2025-11-16 13:45:07.257000-03:00
1763311446932,3.7,2025-11-16 13:44:06.932000-03:00
1763311386610,3.5,2025-11-16 13:43:06.610000-03:00
1763311326280,4.2,2025-11-16 13:42:06.280000-03:00
1763311265954,5.1,2025-11-16 13:41:05.954000-03:00
1763311205524,5.7,2025-11-16 13:40:05.524000-03:00
1763311145200,6.1,2025-11-16 13:39:05.200000-03:00
1763311084871,5.7,2025-11-16 13:38:04.871000-03:00
1763311024544,5.1,2025-11-16 13:37:04.544000-03:00
1763310964218,4.6,2025-11-16 13:36:04.218000-03:00
1763310903902,4.0,2025-11-16 13:35:03.902000-03:00
1763310843566,3.6,2025-11-16 13:34:03.566000-03:00
1763310783250,3.8,2025-11-16 13:33:03.250000-03:00
1763310722919,4.7,2025-11-16 13:32:02.919000-03:00
1763310662585,5.5,2025-11-16 13:31:02.585000-03:00
1763310602254,6.0,2025-11-16 13:30:02.254000-03:00
1763310541930,5.9,2025-11-16 13:29:01.930000-03:00
1763310481602,5.4,2025-11-16 13:28:01.602000-03:00
1763310421278,4.9,2025-11-16 13:27:01.278000-03:00
1763310360952,4.4,2025-11-16 13:26:00.952000-03:00
1763310300626,3.9,2025-11-16 13:25:00.626000-03:00
1763310240163,3.5,2025-11-16 13:24:00.163000-03:00
1763310179826,3.8,2025-11-16 13:22:59.826000-03:00
1763310119508,4.7,2025-11-16 13:21:59.508000-03:00
1763310059174,5.5,2025-11-16 13:20:59.174000-03:00
1763309998850,6.0,2025-11-16 13:19:58.850000-03:00
1763309938526,6.0,2025-11-16 13:18:58.526000-03:00
1763309878198,5.4,2025-11-16 13:17:58.198000-03:00
1763309817868,4.9,2025-11-16 13:16:57.868000-03:00
1763309757539,4.4,2025-11-16 13:15:57.539000-03:00
1763309697211,3.9,2025-11-16 13:14:57.211000-03:00
1763309636888,3.5,2025-11-16 13:13:56.888000-03:00
1763309576582,3.9,2025-11-16 13:12:56.582000-03:00
1763309516235,4.8,2025-11-16 13:11:56.235000-03:00
1763309455911,5.5,2025-11-16 13:10:55.911000-03:00
1763309395576,5.9,2025-11-16 13:09:55.576000-03:00
1763309335263,6.0,2025-11-16 13:08:55.263000-03:00
1763309270603,5.4,2025-11-16 13:07:50.603000-03:00
1763309210282,4.9,2025-11-16 13:06:50.282000-03:00
1763309149951,4.4,2025-11-16 13:05:49.951000-03:00
1763309089637,3.8,2025-11-16 13:04:49.637000-03:00
1763309029294,3.5,2025-11-16 13:03:49.294000-03:00
1763308968967,4.0,2025-11-16 13:02:48.967000-03:00
1763308908647,4.9,2025-11-16 13:01:48.647000-03:00
1763308848109,5.9,2025-11-16 13:00:48.109000-03:00
1763308787779,6.7,2025-11-16 12:59:47.779000-03:00
1763308727397,7.2,2025-11-16 12:58:47.397000-03:00
1763308667075,7.2,2025-11-16 12:57:47.075000-03:00
1763308606746,6.9,2025-11-16 12:56:46.746000-03:00
1763308546421,6.7,2025-11-16 12:55:46.421000-03:00
1763308486097,6.4,2025-11-16 12:54:46.097000-03:00
1763308425775,6.2,2025-11-16 12:53:45.775000-03:00
1763308365468,5.9,2025-11-16 12:52:45.468000-03:00
1763308305117,5.7,2025-11-16 12:51:45.117000-03:00
1763308244808,5.5,2025-11-16 12:50:44.808000-03:00
1763308184468,5.3,2025-11-16 12:49:44.468000-03:00
1763308124134,5.2,2025-11-16 12:48:44.134000-03:00
1763308063803,5.0,2025-11-16 12:47:43.803000-03:00
1763308003476,4.5,2025-11-16 12:46:43.476000-03:00
1763307942853,4.0,2025-11-16 12:45:42.853000-03:00
1763307882512,3.6,2025-11-16 12:44:42.512000-03:00
1763307822184,3.9,2025-11-16 12:43:42.184000-03:00
1763307761859,4.8,2025-11-16 12:42:41.859000-03:00
1763307701543,5.5,2025-11-16 12:41:41.543000-03:00
1763307641210,6.0,2025-11-16 12:40:41.210000-03:00
1763307580879,5.9,2025-11-16 12:39:40.879000-03:00
1763307520553,5.4,2025-11-16 12:38:40.553000-03:00
1763307460240,4.8,2025-11-16 12:37:40.240000-03:00
1763307399900,4.3,2025-11-16 12:36:39.900000-03:00
1763307339570,3.9,2025-11-16 12:35:39.570000-03:00
1763307279242,3.5,2025-11-16 12:34:39.242000-03:00
1763307218919,3.8,2025-11-16 12:33:38.919000-03:00
1763307158589,4.8,2025-11-16 12:32:38.589000-03:00
1763307098268,5.5,2025-11-16 12:31:38.268000-03:00
1763307037936,6.0,2025-11-16 12:30:37.936000-03:00
1763306977536,5.9,2025-11-16 12:29:37.536000-03:00
1763306917203,5.4,2025-11-16 12:28:37.203000-03:00
1763306856895,4.9,2025-11-16 12:27:36.895000-03:00
1763306796546,4.4,2025-11-16 12:26:36.546000-03:00
1763306736222,3.9,2025-11-16 12:25:36.222000-03:00
1763306675893,3.5,2025-11-16 12:24:35.893000-03:00
1763306615566,3.8,2025-11-16 12:23:35.566000-03:00
1763306555248,4.7,2025-11-16 12:22:35.248000-03:00
1763306494918,5.5,2025-11-16 12:21:34.918000-03:00
1763306434589,6.0,2025-11-16 12:20:34.589000-03:00
1763306374273,5.9,2025-11-16 12:19:34.273000-03:00
1763306313945,5.4,2025-11-16 12:18:33.945000-03:00
1763306253607,4.9,2025-11-16 12:17:33.607000-03:00
1763306193288,4.4,2025-11-16 12:16:33.288000-03:00
1763306132959,3.9,2025-11-16 12:15:32.959000-03:00
1763306072619,3.5,2025-11-16 12:14:32.619000-03:00
1763306012064,3.8,2025-11-16 12:13:32.064000-03:00
1763305951724,4.7,2025-11-16 12:12:31.724000-03:00
1763305891398,5.5,2025-11-16 12:11:31.398000-03:00
1763305831070,6.0,2025-11-16 12:10:31.070000-03:00
1763305770743,5.9,2025-11-16 12:09:30.743000-03:00
1763305710416,5.4,2025-11-16 12:08:30.416000-03:00
1763305650204,4.9,2025-11-16 12:07:30.204000-03:00
1763305589769,4.4,2025-11-16 12:06:29.769000-03:00
1763305529400,3.9,2025-11-16 12:05:29.400000-03:00
1763305469075,3.5,2025-11-16 12:04:29.075000-03:00
1763305408744,3.7,2025-11-16 12:03:28.744000-03:00
1763305348422,4.6,2025-11-16 12:02:28.422000-03:00
1763305288092,5.4,2025-11-16 12:01:28.092000-03:00
1763305227761,5.9,2025-11-16 12:00:27.761000-03:00
1763305167436,6.0,2025-11-16 11:59:27.436000-03:00
1763305106815,5.5,2025-11-16 11:58:26.815000-03:00
1763305046490,5.0,2025-11-16 11:57:26.490000-03:00
1763304986161,4.5,2025-11-16 11:56:26.161000-03:00
1763304925846,4.0,2025-11-16 11:55:25.846000-03:00
1763304865516,3.6,2025-11-16 11:54:25.516000-03:00
1763304805195,3.6,2025-11-16 11:53:25.195000-03:00
1763304744853,4.5,2025-11-16 11:52:24.853000-03:00
1763304684527,5.3,2025-11-16 11:51:24.527000-03:00
1763304624206,5.9,2025-11-16 11:50:24.206000-03:00
1763304563877,6.0,2025-11-16 11:49:23.877000-03:00
1763304503563,5.5,2025-11-16 11:48:23.563000-03:00
1763304443223,5.0,2025-11-16 11:47:23.223000-03:00
1763304382896,4.5,2025-11-16 11:46:22.896000-03:00
1763304322572,4.0,2025-11-16 11:45:22.572000-03:00
1763304262243,3.6,2025-11-16 11:44:22.243000-03:00
1763304201920,3.6,2025-11-16 11:43:21.920000-03:00
1763304141576,4.4,2025-11-16 11:42:21.576000-03:00
1763304081090,5.3,2025-11-16 11:41:21.090000-03:00
1763304020757,5.9,2025-11-16 11:40:20.757000-03:00
1763303960365,6.0,2025-11-16 11:39:20.365000-03:00
1763303900036,5.5,2025-11-16 11:38:20.036000-03:00
1763303839710,5.0,2025-11-16 11:37:19.710000-03:00
1763303779387,4.4,2025-11-16 11:36:19.387000-03:00
1763303719062,3.9,2025-11-16 11:35:19.062000-03:00
1763303658728,3.6,2025-11-16 11:34:18.728000-03:00
1763303598403,4.0,2025-11-16 11:33:18.403000-03:00
1763303538085,4.9,2025-11-16 11:32:18.085000-03:00
1763303477748,5.6,2025-11-16 11:31:17.748000-03:00
1763303417410,6.0,2025-11-16 11:30:17.410000-03:00
1763303357072,5.8,2025-11-16 11:29:17.072000-03:00
1763303296745,5.3,2025-11-16 11:28:16.745000-03:00
1763303236130,4.8,2025-11-16 11:27:16.130000-03:00
1763303175819,4.3,2025-11-16 11:26:15.819000-03:00
1763303115476,3.8,2025-11-16 11:25:15.476000-03:00
1763303055157,3.5,2025-11-16 11:24:15.157000-03:00
1763302994822,3.9,2025-11-16 11:23:14.822000-03:00
1763302934492,4.8,2025-11-16 11:22:14.492000-03:00
1763302874178,5.6,2025-11-16 11:21:14.178000-03:00
1763302813837,6.0,2025-11-16 11:20:13.837000-03:00
1763302753522,5.8,2025-11-16 11:19:13.522000-03:00
1763302693188,5.3,2025-11-16 11:18:13.188000-03:00
1763302632863,4.7,2025-11-16 11:17:12.863000-03:00
1763302572657,4.2,2025-11-16 11:16:12.657000-03:00
1763302512204,3.7,2025-11-16 11:15:12.204000-03:00
1763302451877,3.6,2025-11-16 11:14:11.877000-03:00
1763302391561,4.4,2025-11-16 11:13:11.561000-03:00
1763302331231,5.2,2025-11-16 11:12:11.231000-03:00
1763302270776,5.8,2025-11-16 11:11:10.776000-03:00
1763302210461,6.1,2025-11-16 11:10:10.461000-03:00
1763302150141,5.6,2025-11-16 11:09:10.141000-03:00
1763302089799,5.1,2025-11-16 11:08:09.799000-03:00
1763302029469,4.6,2025-11-16 11:07:09.469000-03:00
1763301969145,4.1,2025-11-16 11:06:09.145000-03:00
1763301908816,3.6,2025-11-16 11:05:08.816000-03:00
1763301848489,3.5,2025-11-16 11:04:08.489000-03:00
1763301788162,4.3,2025-11-16 11:03:08.162000-03:00
1763301727846,5.2,2025-11-16 11:02:07.846000-03:00
1763301667514,5.7,2025-11-16 11:01:07.514000-03:00
1763301607193,6.1,2025-11-16 11:00:07.193000-03:00
1763301546856,5.7,2025-11-16 10:59:06.856000-03:00
1763301486536,5.1,2025-11-16 10:58:06.536000-03:00
1763301426199,4.6,2025-11-16 10:57:06.199000-03:00
1763301365883,4.1,2025-11-16 10:56:05.883000-03:00
1763301305439,3.7,2025-11-16 10:55:05.439000-03:00
1763301245127,3.5,2025-11-16 10:54:05.127000-03:00
1763301184773,4.2,2025-11-16 10:53:04.773000-03:00
1763301124459,5.1,2025-11-16 10:52:04.459000-03:00
1763301064128,5.7,2025-11-16 10:51:04.128000-03:00
1763301003798,6.1,2025-11-16 10:50:03.798000-03:00
1763300943476,5.7,2025-11-16 10:49:03.476000-03:00
1763300883143,5.2,2025-11-16 10:48:03.143000-03:00
1763300822832,4.7,2025-11-16 10:47:02.832000-03:00
1763300762518,4.2,2025-11-16 10:46:02.518000-03:00
1763300702166,3.7,2025-11-16 10:45:02.166000-03:00
1763300641834,3.5,2025-11-16 10:44:01.834000-03:00
1763300581517,4.1,2025-11-16 10:43:01.517000-03:00
1763300521177,5.0,2025-11-16 10:42:01.177000-03:00
1763300460852,5.6,2025-11-16 10:41:00.852000-03:00
1763300400528,6.1,2025-11-16 10:40:00.528000-03:00
1763300340110,5.8,2025-11-16 10:39:00.110000-03:00
1763300279767,5.2,2025-11-16 10:37:59.767000-03:00
1763300219439,4.7,2025-11-16 10:36:59.439000-03:00
1763300159120,4.2,2025-11-16 10:35:59.120000-03:00
1763300098799,3.8,2025-11-16 10:34:58.799000-03:00
1763300038458,3.5,2025-11-16 10:33:58.458000-03:00
1763299978138,3.9,2025-11-16 10:32:58.138000-03:00
1763299917824,4.9,2025-11-16 10:31:57.824000-03:00
1763299857499,5.6,2025-11-16 10:30:57.499000-03:00
1763299797149,6.0,2025-11-16 10:29:57.149000-03:00
1763299736827,5.8,2025-11-16 10:28:56.827000-03:00
1763299676510,5.3,2025-11-16 10:27:56.510000-03:00
1763299616348,4.8,2025-11-16 10:26:56.348000-03:00
1763299555846,4.3,2025-11-16 10:25:55.846000-03:00
1763299495520,3.8,2025-11-16 10:24:55.520000-03:00
1763299435204,3.5,2025-11-16 10:23:55.204000-03:00
1763299370387,3.9,2025-11-16 10:22:50.387000-03:00
1763299310067,4.8,2025-11-16 10:21:50.067000-03:00
1763299249755,5.5,2025-11-16 10:20:49.755000-03:00
1763299189409,6.0,2025-11-16 10:19:49.409000-03:00
1763299129087,5.9,2025-11-16 10:18:49.087000-03:00
1763299068757,5.3,2025-11-16 10:17:48.757000-03:00
1763299008138,4.8,2025-11-16 10:16:48.138000-03:00
1763298947803,4.3,2025-11-16 10:15:47.803000-03:00
1763298887476,3.9,2025-11-16 10:14:47.476000-03:00
1763298827144,3.5,2025-11-16 10:13:47.144000-03:00
1763298766828,3.7,2025-11-16 10:12:46.828000-03:00
1763298706519,4.6,2025-11-16 10:11:46.519000-03:00
1763298646160,5.4,2025-11-16 10:10:46.160000-03:00
1763298585848,5.9,2025-11-16 10:09:45.848000-03:00
1763298525519,6.0,2025-11-16 10:08:45.519000-03:00
1763298465216,5.4,2025-11-16 10:07:45.216000-03:00
1763298404856,4.9,2025-11-16 10:06:44.856000-03:00
1763298344533,4.4,2025-11-16 10:05:44.533000-03:00
1763298284211,4.0,2025-11-16 10:04:44.211000-03:00
1763298223874,3.5,2025-11-16 10:03:43.874000-03:00
1763298163565,3.6,2025-11-16 10:02:43.565000-03:00
1763298103230,4.5,2025-11-16 10:01:43.230000-03:00
1763298042702,5.3,2025-11-16 10:00:42.702000-03:00
1763297982383,5.8,2025-11-16 09:59:42.383000-03:00
1763297922042,6.0,2025-11-16 09:58:42.042000-03:00
1763297861717,5.5,2025-11-16 09:57:41.717000-03:00
1763297801337,5.0,2025-11-16 09:56:41.337000-03:00
1763297741015,4.5,2025-11-16 09:55:41.015000-03:00
1763297680715,4.0,2025-11-16 09:54:40.715000-03:00
1763297620359,3.6,2025-11-16 09:53:40.359000-03:00
1763297560034,3.6,2025-11-16 09:52:40.034000-03:00
1763297499708,4.3,2025-11-16 09:51:39.708000-03:00
1763297439386,5.2,2025-11-16 09:50:39.386000-03:00
1763297379057,5.8,2025-11-16 09:49:39.057000-03:00
1763297318731,6.1,2025-11-16 09:48:38.731000-03:00
1763297258416,5.6,2025-11-16 09:47:38.416000-03:00
1763297198070,5.1,2025-11-16 09:46:38.070000-03:00
1763297137477,4.6,2025-11-16 09:45:37.477000-03:00
1763297077156,4.1,2025-11-16 09:44:37.156000-03:00
1763297016836,3.6,2025-11-16 09:43:36.836000-03:00
1763296956500,3.5,2025-11-16 09:42:36.500000-03:00
1763296896179,4.2,2025-11-16 09:41:36.179000-03:00
1763296835857,5.1,2025-11-16 09:40:35.857000-03:00
1763296775526,5.7,2025-11-16 09:39:35.526000-03:00
1763296715198,6.1,2025-11-16 09:38:35.198000-03:00
1763296654873,5.7,2025-11-16 09:37:34.873000-03:00
1763296594588,5.2,2025-11-16 09:36:34.588000-03:00
1763296534209,4.7,2025-11-16 09:35:34.209000-03:00
1763296473882,4.2,2025-11-16 09:34:33.882000-03:00
1763296413563,3.7,2025-11-16 09:33:33.563000-03:00
1763296353242,3.5,2025-11-16 09:32:33.242000-03:00
1763296292911,4.0,2025-11-16 09:31:32.911000-03:00
1763296232569,4.9,2025-11-16 09:30:32.569000-03:00
1763296172149,5.6,2025-11-16 09:29:32.149000-03:00
1763296111783,6.0,2025-11-16 09:28:31.783000-03:00
1763296051452,5.8,2025-11-16 09:27:31.452000-03:00
1763295991164,5.3,2025-11-16 09:26:31.164000-03:00
1763295930798,4.7,2025-11-16 09:25:30.798000-03:00
1763295870477,4.3,2025-11-16 09:24:30.477000-03:00
1763295810149,3.8,2025-11-16 09:23:30.149000-03:00
1763295749825,3.5,2025-11-16 09:22:29.825000-03:00
1763295689492,3.9,2025-11-16 09:21:29.492000-03:00
1763295629176,4.8,2025-11-16 09:20:29.176000-03:00
1763295568838,5.5,2025-11-16 09:19:28.838000-03:00
1763295508517,6.0,2025-11-16 09:18:28.517000-03:00
1763295448186,5.9,2025-11-16 09:17:28.186000-03:00
1763295387858,5.4,2025-11-16 09:16:27.858000-03:00
1763295327535,4.8,2025-11-16 09:15:27.535000-03:00
1763295267208,4.3,2025-11-16 09:14:27.208000-03:00
1763295206714,3.9,2025-11-16 09:13:26.714000-03:00
1763295146310,3.5,2025-11-16 09:12:26.310000-03:00
1763295085989,3.7,2025-11-16 09:11:25.989000-03:00
1763295025658,4.6,2025-11-16 09:10:25.658000-03:00
1763294965328,5.4,2025-11-16 09:09:25.328000-03:00
1763294905033,5.9,2025-11-16 09:08:25.033000-03:00
1763294844676,6.0,2025-11-16 09:07:24.676000-03:00
1763294784351,5.5,2025-11-16 09:06:24.351000-03:00
1763294724034,4.9,2025-11-16 09:05:24.034000-03:00
1763294663696,4.4,2025-11-16 09:04:23.696000-03:00
1763294603343,4.0,2025-11-16 09:03:23.343000-03:00
1763294543013,3.5,2025-11-16 09:02:23.013000-03:00
1763294482692,3.6,2025-11-16 09:01:22.692000-03:00
1763294422365,4.4,2025-11-16 09:00:22.365000-03:00
1763294362038,5.2,2025-11-16 08:59:22.038000-03:00
1763294301401,5.8,2025-11-16 08:58:21.401000-03:00
1763294241078,6.1,2025-11-16 08:57:21.078000-03:00
1763294180749,5.6,2025-11-16 08:56:20.749000-03:00
1763294120496,5.1,2025-11-16 08:55:20.496000-03:00
1763294060097,4.6,2025-11-16 08:54:20.097000-03:00
1763293999766,4.1,2025-11-16 08:53:19.766000-03:00
1763293939450,3.6,2025-11-16 08:52:19.450000-03:00
1763293879124,3.5,2025-11-16 08:51:19.124000-03:00
1763293818788,4.2,2025-11-16 08:50:18.788000-03:00
1763293758460,5.1,2025-11-16 08:49:18.460000-03:00
1763293698136,5.7,2025-11-16 08:48:18.136000-03:00
1763293637807,6.1,2025-11-16 08:47:17.807000-03:00
1763293577480,5.7,2025-11-16 08:46:17.480000-03:00
1763293517161,5.2,2025-11-16 08:45:17.161000-03:00
1763293456821,4.6,2025-11-16 08:44:16.821000-03:00
1763293396509,4.2,2025-11-16 08:43:16.509000-03:00
1763293336075,3.7,2025-11-16 08:42:16.075000-03:00
1763293275749,3.5,2025-11-16 08:41:15.749000-03:00
1763293215420,4.0,2025-11-16 08:40:15.420000-03:00
1763293155089,4.9,2025-11-16 08:39:15.089000-03:00
1763293094769,5.6,2025-11-16 08:38:14.769000-03:00
1763293034443,6.1,2025-11-16 08:37:14.443000-03:00
1763292974112,5.8,2025-11-16 08:36:14.112000-03:00
1763292913784,5.3,2025-11-16 08:35:13.784000-03:00
1763292853455,4.8,2025-11-16 08:34:13.455000-03:00
1763292793129,4.3,2025-11-16 08:33:13.129000-03:00
1763292732809,3.8,2025-11-16 08:32:12.809000-03:00
1763292672476,3.5,2025-11-16 08:31:12.476000-03:00
1763292612147,3.8,2025-11-16 08:30:12.147000-03:00
1763292551824,4.8,2025-11-16 08:29:11.824000-03:00
1763292491498,5.5,2025-11-16 08:28:11.498000-03:00
1763292431169,6.0,2025-11-16 08:27:11.169000-03:00
1763292370642,5.9,2025-11-16 08:26:10.642000-03:00
1763292310325,5.4,2025-11-16 08:25:10.325000-03:00
1763292249991,4.9,2025-11-16 08:24:09.991000-03:00
1763292189658,4.4,2025-11-16 08:23:09.658000-03:00
1763292129332,3.9,2025-11-16 08:22:09.332000-03:00
1763292069004,3.5,2025-11-16 08:21:09.004000-03:00
1763292008697,3.7,2025-11-16 08:20:08.697000-03:00
1763291948285,4.5,2025-11-16 08:19:08.285000-03:00
1763291887968,5.3,2025-11-16 08:18:07.968000-03:00
1763291827637,5.9,2025-11-16 08:17:07.637000-03:00
1763291767309,6.0,2025-11-16 08:16:07.309000-03:00
1763291706979,5.5,2025-11-16 08:15:06.979000-03:00
1763291646655,5.0,2025-11-16 08:14:06.655000-03:00
1763291586330,4.5,2025-11-16 08:13:06.330000-03:00
1763291526009,4.0,2025-11-16 08:12:06.009000-03:00
1763291465410,3.6,2025-11-16 08:11:05.410000-03:00
1763291405061,3.6,2025-11-16 08:10:05.061000-03:00
1763291344735,4.3,2025-11-16 08:09:04.735000-03:00
1763291284409,5.2,2025-11-16 08:08:04.409000-03:00
1763291224080,5.8,2025-11-16 08:07:04.080000-03:00
1763291163758,6.1,2025-11-16 08:06:03.758000-03:00
1763291103427,5.6,2025-11-16 08:05:03.427000-03:00
1763291043101,5.1,2025-11-16 08:04:03.101000-03:00
1763290982775,4.6,2025-11-16 08:03:02.775000-03:00
1763290922450,4.1,2025-11-16 08:02:02.450000-03:00
1763290862124,3.7,2025-11-16 08:01:02.124000-03:00
1763290801803,3.5,2025-11-16 08:00:01.803000-03:00
1763290741472,4.0,2025-11-16 07:59:01.472000-03:00
1763290681145,5.0,2025-11-16 07:58:01.145000-03:00
1763290620818,5.6,2025-11-16 07:57:00.818000-03:00
1763290560492,6.0,2025-11-16 07:56:00.492000-03:00
1763290500023,5.8,2025-11-16 07:55:00.023000-03:00
1763290439698,5.3,2025-11-16 07:53:59.698000-03:00
1763290379371,4.8,2025-11-16 07:52:59.371000-03:00
1763290319039,4.3,2025-11-16 07:51:59.039000-03:00
1763290258709,3.8,2025-11-16 07:50:58.709000-03:00
1763290198399,3.5,2025-11-16 07:49:58.399000-03:00
1763290138071,3.7,2025-11-16 07:48:58.071000-03:00
1763290077733,4.7,2025-11-16 07:47:57.733000-03:00
1763290017417,5.4,2025-11-16 07:46:57.417000-03:00
1763289957095,5.9,2025-11-16 07:45:57.095000-03:00
1763289896783,6.0,2025-11-16 07:44:56.783000-03:00
1763289836431,5.5,2025-11-16 07:43:56.431000-03:00
1763289776100,4.9,2025-11-16 07:42:56.100000-03:00
1763289715774,4.5,2025-11-16 07:41:55.774000-03:00
1763289655445,4.0,2025-11-16 07:40:55.445000-03:00
1763289595120,3.6,2025-11-16 07:39:55.120000-03:00
1763289530475,3.6,2025-11-16 07:38:50.475000-03:00
1763289470149,4.4,2025-11-16 07:37:50.149000-03:00
1763289409824,5.2,2025-11-16 07:36:49.824000-03:00
1763289349506,5.8,2025-11-16 07:35:49.506000-03:00
1763289289160,6.1,2025-11-16 07:34:49.160000-03:00
1763289228835,5.6,2025-11-16 07:33:48.835000-03:00
1763289168509,5.1,2025-11-16 07:32:48.509000-03:00
1763289107991,4.6,2025-11-16 07:31:47.991000-03:00
1763289047675,4.1,2025-11-16 07:30:47.675000-03:00
1763288987282,3.7,2025-11-16 07:29:47.282000-03:00
1763288926957,3.5,2025-11-16 07:28:46.957000-03:00
1763288866629,4.1,2025-11-16 07:27:46.629000-03:00
1763288806297,5.0,2025-11-16 07:26:46.297000-03:00
1763288745976,5.6,2025-11-16 07:25:45.976000-03:00
1763288685643,6.0,2025-11-16 07:24:45.643000-03:00
1763288625313,5.8,2025-11-16 07:23:45.313000-03:00
1763288564991,5.3,2025-11-16 07:22:44.991000-03:00
1763288504657,4.8,2025-11-16 07:21:44.657000-03:00
1763288444169,4.3,2025-11-16 07:20:44.169000-03:00
1763288383838,3.8,2025-11-16 07:19:43.838000-03:00
1763288323511,3.5,2025-11-16 07:18:43.511000-03:00
1763288263198,3.8,2025-11-16 07:17:43.198000-03:00
1763288202641,4.7,2025-11-16 07:16:42.641000-03:00
1763288142321,5.4,2025-11-16 07:15:42.321000-03:00
1763288081988,5.9,2025-11-16 07:14:41.988000-03:00
1763288021661,6.0,2025-11-16 07:13:41.661000-03:00
1763287961277,5.5,2025-11-16 07:12:41.277000-03:00
1763287901087,4.9,2025-11-16 07:11:41.087000-03:00
1763287840630,4.4,2025-11-16 07:10:40.630000-03:00
1763287780296,4.0,2025-11-16 07:09:40.296000-03:00
1763287719966,3.6,2025-11-16 07:08:39.966000-03:00
1763287659641,3.6,2025-11-16 07:07:39.641000-03:00
1763287599312,4.4,2025-11-16 07:06:39.312000-03:00
1763287538983,5.2,2025-11-16 07:05:38.983000-03:00
1763287478659,5.8,2025-11-16 07:04:38.659000-03:00
1763287418163,6.1,2025-11-16 07:03:38.163000-03:00
1763287357831,5.6,2025-11-16 07:02:37.831000-03:00
1763287297435,5.1,2025-11-16 07:01:37.435000-03:00
1763287237111,4.6,2025-11-16 07:00:37.111000-03:00
1763287176781,4.1,2025-11-16 06:59:36.781000-03:00
1763287116452,3.6,2025-11-16 06:58:36.452000-03:00
1763287056127,3.5,2025-11-16 06:57:36.127000-03:00
1763286995796,4.2,2025-11-16 06:56:35.796000-03:00
1763286935468,5.2,2025-11-16 06:55:35.468000-03:00
1763286875141,6.2,2025-11-16 06:54:35.141000-03:00
1763286814818,7.0,2025-11-16 06:53:34.818000-03:00
1763286754483,7.6,2025-11-16 06:52:34.483000-03:00
1763286694153,7.5,2025-11-16 06:51:34.153000-03:00
1763286633826,7.3,2025-11-16 06:50:33.826000-03:00
1763286573510,7.1,2025-11-16 06:49:33.510000-03:00
1763286513175,6.8,2025-11-16 06:48:33.175000-03:00
1763286452845,6.6,2025-11-16 06:47:32.845000-03:00
1763286392473,6.4,2025-11-16 06:46:32.473000-03:00
1763286331942,6.2,2025-11-16 06:45:31.942000-03:00
1763286271611,6.0,2025-11-16 06:44:31.611000-03:00
1763286211284,5.8,2025-11-16 06:43:31.284000-03:00
1763286150955,5.7,2025-11-16 06:42:30.955000-03:00
1763286090633,5.5,2025-11-16 06:41:30.633000-03:00
1763286030300,5.0,2025-11-16 06:40:30.300000-03:00
1763285969983,4.5,2025-11-16 06:39:29.983000-03:00
1763285909650,4.0,2025-11-16 06:38:29.650000-03:00
1763285849257,3.6,2025-11-16 06:37:29.257000-03:00
1763285788932,3.7,2025-11-16 06:36:28.932000-03:00
1763285728612,4.7,2025-11-16 06:35:28.612000-03:00
1763285668315,5.4,2025-11-16 06:34:28.315000-03:00
1763285607953,5.9,2025-11-16 06:33:27.953000-03:00
1763285547625,5.9,2025-11-16 06:32:27.625000-03:00
1763285487295,5.4,2025-11-16 06:31:27.295000-03:00
1763285426971,4.9,2025-11-16 06:30:26.971000-03:00
1763285366639,4.5,2025-11-16 06:29:26.639000-03:00
1763285306259,4.0,2025-11-16 06:28:26.259000-03:00
1763285245930,3.6,2025-11-16 06:27:25.930000-03:00
1763285185604,3.5,2025-11-16 06:26:25.604000-03:00
1763285125281,4.2,2025-11-16 06:25:25.281000-03:00
1763285064951,5.1,2025-11-16 06:24:24.951000-03:00
1763285004621,5.7,2025-11-16 06:23:24.621000-03:00
1763284944300,6.1,2025-11-16 06:22:24.300000-03:00
1763284883967,5.7,2025-11-16 06:21:23.967000-03:00
1763284823638,5.2,2025-11-16 06:20:23.638000-03:00
1763284763257,4.7,2025-11-16 06:19:23.257000-03:00
1763284702923,4.2,2025-11-16 06:18:22.923000-03:00
1763284642605,3.7,2025-11-16 06:17:22.605000-03:00
1763284582272,3.5,2025-11-16 06:16:22.272000-03:00
1763284521953,3.8,2025-11-16 06:15:21.953000-03:00
1763284461622,4.8,2025-11-16 06:14:21.622000-03:00
1763284401295,5.5,2025-11-16 06:13:21.295000-03:00
1763284340967,6.0,2025-11-16 06:12:20.967000-03:00
1763284280638,5.9,2025-11-16 06:11:20.638000-03:00
1763284220277,5.3,2025-11-16 06:10:20.277000-03:00
1763284159919,4.8,2025-11-16 06:09:19.919000-03:00
1763284099593,4.4,2025-11-16 06:08:19.593000-03:00
1763284039268,3.9,2025-11-16 06:07:19.268000-03:00
1763283978943,3.5,2025-11-16 06:06:18.943000-03:00
1763283918611,3.6,2025-11-16 06:05:18.611000-03:00
1763283858297,4.4,2025-11-16 06:04:18.297000-03:00
1763283797986,5.3,2025-11-16 06:03:17.986000-03:00
1763283737645,5.9,2025-11-16 06:02:17.645000-03:00
1763283677243,6.0,2025-11-16 06:01:17.243000-03:00
1763283616922,5.5,2025-11-16 06:00:16.922000-03:00
1763283556590,5.0,2025-11-16 05:59:16.590000-03:00
1763283496269,4.5,2025-11-16 05:58:16.269000-03:00
1763283435939,4.0,2025-11-16 05:57:15.939000-03:00
1763283375611,3.6,2025-11-16 05:56:15.611000-03:00
1763283315292,3.8,2025-11-16 05:55:15.292000-03:00
1763283254965,4.7,2025-11-16 05:54:14.965000-03:00
1763283194627,5.4,2025-11-16 05:53:14.627000-03:00
1763283134247,5.9,2025-11-16 05:52:14.247000-03:00
1763283073915,5.9,2025-11-16 05:51:13.915000-03:00
1763283013589,5.4,2025-11-16 05:50:13.589000-03:00
1763282953272,4.9,2025-11-16 05:49:13.272000-03:00
1763282892944,4.4,2025-11-16 05:48:12.944000-03:00
1763282832611,4.0,2025-11-16 05:47:12.611000-03:00
1763282772283,3.5,2025-11-16 05:46:12.283000-03:00
1763282711953,3.6,2025-11-16 05:45:11.953000-03:00
1763282651632,4.3,2025-11-16 05:44:11.632000-03:00
1763282591293,5.2,2025-11-16 05:43:11.293000-03:00
1763282530664,5.8,2025-11-16 05:42:10.664000-03:00
1763282470339,6.1,2025-11-16 05:41:10.339000-03:00
1763282410012,5.6,2025-11-16 05:40:10.012000-03:00
1763282349689,5.1,2025-11-16 05:39:09.689000-03:00
1763282289374,4.6,2025-11-16 05:38:09.374000-03:00
1763282229027,4.1,2025-11-16 05:37:09.027000-03:00
1763282168701,3.7,2025-11-16 05:36:08.701000-03:00
1763282108379,3.4,2025-11-16 05:35:08.379000-03:00
1763282048049,4.0,2025-11-16 05:34:08.049000-03:00
1763281987736,4.9,2025-11-16 05:33:07.736000-03:00
1763281927400,5.6,2025-11-16 05:32:07.400000-03:00
1763281867081,6.1,2025-11-16 05:31:07.081000-03:00
1763281806745,5.7,2025-11-16 05:30:06.745000-03:00
1763281746416,5.2,2025-11-16 05:29:06.416000-03:00
1763281686102,4.7,2025-11-16 05:28:06.102000-03:00
1763281625762,4.2,2025-11-16 05:27:05.762000-03:00
1763281565319,3.7,2025-11-16 05:26:05.319000-03:00
1763281504998,3.5,2025-11-16 05:25:04.998000-03:00
1763281444664,4.3,2025-11-16 05:24:04.664000-03:00
1763281384340,5.2,2025-11-16 05:23:04.340000-03:00
1763281324015,5.8,2025-11-16 05:22:04.015000-03:00
1763281263709,6.1,2025-11-16 05:21:03.709000-03:00
1763281203359,5.6,2025-11-16 05:20:03.359000-03:00
1763281143029,5.1,2025-11-16 05:19:03.029000-03:00
1763281082708,4.6,2025-11-16 05:18:02.708000-03:00
1763281022380,4.1,2025-11-16 05:17:02.380000-03:00
1763280962049,3.7,2025-11-16 05:16:02.049000-03:00
1763280901730,3.5,2025-11-16 05:15:01.730000-03:00
1763280841391,4.0,2025-11-16 05:14:01.391000-03:00
1763280781066,4.9,2025-11-16 05:13:01.066000-03:00
1763280720744,5.6,2025-11-16 05:12:00.744000-03:00
1763280660414,6.1,2025-11-16 05:11:00.414000-03:00
1763280599974,5.8,2025-11-16 05:09:59.974000-03:00
1763280539647,5.3,2025-11-16 05:08:59.647000-03:00
1763280479318,4.8,2025-11-16 05:07:59.318000-03:00
1763280418993,4.3,2025-11-16 05:06:58.993000-03:00
1763280358664,3.8,2025-11-16 05:05:58.664000-03:00
1763280298340,3.5,2025-11-16 05:04:58.340000-03:00
1763280238012,3.7,2025-11-16 05:03:58.012000-03:00
1763280177688,4.6,2025-11-16 05:02:57.688000-03:00
1763280117361,5.4,2025-11-16 05:01:57.361000-03:00
1763280057033,6.0,2025-11-16 05:00:57.033000-03:00
1763279996717,5.9,2025-11-16 04:59:56.717000-03:00
1763279936381,5.4,2025-11-16 04:58:56.381000-03:00
1763279876050,4.9,2025-11-16 04:57:56.050000-03:00
1763279815728,4.3,2025-11-16 04:56:55.728000-03:00
1763279755396,3.9,2025-11-16 04:55:55.396000-03:00
1763279695069,3.5,2025-11-16 04:54:55.069000-03:00
1763279630430,4.1,2025-11-16 04:53:50.430000-03:00
1763279570103,5.0,2025-11-16 04:52:50.103000-03:00
1763279509773,5.6,2025-11-16 04:51:49.773000-03:00
1763279449443,6.1,2025-11-16 04:50:49.443000-03:00
1763279389119,5.7,2025-11-16 04:49:49.119000-03:00
1763279328799,5.2,2025-11-16 04:48:48.799000-03:00
1763279268468,4.7,2025-11-16 04:47:48.468000-03:00
1763279207935,4.2,2025-11-16 04:46:47.935000-03:00
1763279147605,3.8,2025-11-16 04:45:47.605000-03:00
1763279087214,3.5,2025-11-16 04:44:47.214000-03:00
1763279026897,3.8,2025-11-16 04:43:46.897000-03:00
1763278966569,4.8,2025-11-16 04:42:46.569000-03:00
1763278906234,5.5,2025-11-16 04:41:46.234000-03:00
1763278845905,6.0,2025-11-16 04:40:45.905000-03:00
1763278785580,5.8,2025-11-16 04:39:45.580000-03:00
1763278725255,5.3,2025-11-16 04:38:45.255000-03:00
1763278664935,4.8,2025-11-16 04:37:44.935000-03:00
1763278604604,4.3,2025-11-16 04:36:44.604000-03:00
1763278544214,3.8,2025-11-16 04:35:44.214000-03:00
1763278483889,3.5,2025-11-16 04:34:43.889000-03:00
1763278423569,4.2,2025-11-16 04:33:43.569000-03:00
1763278363232,5.1,2025-11-16 04:32:43.232000-03:00
1763278302906,5.7,2025-11-16 04:31:42.906000-03:00
1763278242582,6.1,2025-11-16 04:30:42.582000-03:00
1763278182257,5.7,2025-11-16 04:29:42.257000-03:00
1763278121934,5.2,2025-11-16 04:28:41.934000-03:00
1763278061601,4.7,2025-11-16 04:27:41.601000-03:00
1763278001208,4.2,2025-11-16 04:26:41.208000-03:00
1763277940883,3.7,2025-11-16 04:25:40.883000-03:00
1763277880559,3.5,2025-11-16 04:24:40.559000-03:00
1763277820244,3.9,2025-11-16 04:23:40.244000-03:00
1763277759902,4.9,2025-11-16 04:22:39.902000-03:00
1763277699592,5.6,2025-11-16 04:21:39.592000-03:00
1763277639248,6.0,2025-11-16 04:20:39.248000-03:00
1763277578923,5.8,2025-11-16 04:19:38.923000-03:00
1763277518597,5.3,2025-11-16 04:18:38.597000-03:00
1763277458107,4.8,2025-11-16 04:17:38.107000-03:00
1763277397774,4.3,2025-11-16 04:16:37.774000-03:00
1763277337143,3.8,2025-11-16 04:15:37.143000-03:00
1763277276815,3.5,2025-11-16 04:14:36.815000-03:00
1763277216487,3.7,2025-11-16 04:13:36.487000-03:00
1763277156161,4.7,2025-11-16 04:12:36.161000-03:00
1763277095840,5.5,2025-11-16 04:11:35.840000-03:00
1763277034714,6.0,2025-11-16 04:10:34.714000-03:00
1763276974395,5.9,2025-11-16 04:09:34.395000-03:00
1763276914060,5.4,2025-11-16 04:08:34.060000-03:00
1763276853746,4.8,2025-11-16 04:07:33.746000-03:00
1763276793417,4.3,2025-11-16 04:06:33.417000-03:00
1763276733092,3.8,2025-11-16 04:05:33.092000-03:00
1763276672755,3.5,2025-11-16 04:04:32.755000-03:00
1763276612438,4.1,2025-11-16 04:03:32.438000-03:00
1763276551983,5.0,2025-11-16 04:02:31.983000-03:00
1763276491654,5.6,2025-11-16 04:01:31.654000-03:00
1763276431331,6.1,2025-11-16 04:00:31.331000-03:00
1763276371009,5.7,2025-11-16 03:59:31.009000-03:00
1763276310677,5.2,2025-11-16 03:58:30.677000-03:00
1763276250353,4.7,2025-11-16 03:57:30.353000-03:00
1763276190021,4.2,2025-11-16 03:56:30.021000-03:00
1763276129697,3.8,2025-11-16 03:55:29.697000-03:00
1763276069379,3.5,2025-11-16 03:54:29.379000-03:00
1763276009051,3.8,2025-11-16 03:53:29.051000-03:00
1763275948729,4.8,2025-11-16 03:52:28.729000-03:00
1763275888389,5.5,2025-11-16 03:51:28.389000-03:00
1763275828062,6.0,2025-11-16 03:50:28.062000-03:00
1763275767733,5.9,2025-11-16 03:49:27.733000-03:00
1763275707412,5.4,2025-11-16 03:48:27.412000-03:00
1763275647087,4.8,2025-11-16 03:47:27.087000-03:00
1763275586583,4.3,2025-11-16 03:46:26.583000-03:00
1763275526198,3.9,2025-11-16 03:45:26.198000-03:00
1763275465869,3.5,2025-11-16 03:44:25.869000-03:00
1763275405544,3.7,2025-11-16 03:43:25.544000-03:00
1763275345217,4.5,2025-11-16 03:42:25.217000-03:00
1763275284890,5.4,2025-11-16 03:41:24.890000-03:00
1763275224573,5.9,2025-11-16 03:40:24.573000-03:00
1763275164233,6.0,2025-11-16 03:39:24.233000-03:00
1763275103918,5.5,2025-11-16 03:38:23.918000-03:00
1763275043580,5.0,2025-11-16 03:37:23.580000-03:00
1763274983229,4.5,2025-11-16 03:36:23.229000-03:00
1763274922901,4.0,2025-11-16 03:35:22.901000-03:00
1763274862577,3.6,2025-11-16 03:34:22.577000-03:00
1763274802246,3.5,2025-11-16 03:33:22.246000-03:00
1763274741933,4.3,2025-11-16 03:32:21.933000-03:00
1763274681563,5.2,2025-11-16 03:31:21.563000-03:00
1763274621236,5.8,2025-11-16 03:30:21.236000-03:00
1763274560915,6.0,2025-11-16 03:29:20.915000-03:00
1763274500576,5.5,2025-11-16 03:28:20.576000-03:00
1763274440192,5.0,2025-11-16 03:27:20.192000-03:00
1763274379860,4.5,2025-11-16 03:26:19.860000-03:00
1763274319538,4.0,2025-11-16 03:25:19.538000-03:00
1763274259210,3.6,2025-11-16 03:24:19.210000-03:00
1763274198887,3.8,2025-11-16 03:23:18.887000-03:00
1763274138554,4.7,2025-11-16 03:22:18.554000-03:00
1763274078233,5.5,2025-11-16 03:21:18.233000-03:00
1763274017905,6.0,2025-11-16 03:20:17.905000-03:00
1763273957598,5.9,2025-11-16 03:19:17.598000-03:00
1763273897187,5.4,2025-11-16 03:18:17.187000-03:00
1763273836863,4.9,2025-11-16 03:17:16.863000-03:00
1763273776539,4.4,2025-11-16 03:16:16.539000-03:00
1763273716209,3.9,2025-11-16 03:15:16.209000-03:00
1763273655884,3.5,2025-11-16 03:14:15.884000-03:00
1763273595563,3.6,2025-11-16 03:13:15.563000-03:00
1763273535225,4.5,2025-11-16 03:12:15.225000-03:00
1763273474913,5.3,2025-11-16 03:11:14.913000-03:00
1763273414576,5.9,2025-11-16 03:10:14.576000-03:00
1763273354189,6.0,2025-11-16 03:09:14.189000-03:00
1763273293857,5.5,2025-11-16 03:08:13.857000-03:00
1763273233535,5.0,2025-11-16 03:07:13.535000-03:00
1763273173206,4.5,2025-11-16 03:06:13.206000-03:00
1763273112881,4.0,2025-11-16 03:05:12.881000-03:00
1763273052576,3.6,2025-11-16 03:04:12.576000-03:00
1763272992224,3.5,2025-11-16 03:03:12.224000-03:00
1763272931902,4.3,2025-11-16 03:02:11.902000-03:00
1763272871576,5.2,2025-11-16 03:01:11.576000-03:00
1763272811193,5.8,2025-11-16 03:00:11.193000-03:00
1763272750912,6.1,2025-11-16 02:59:10.912000-03:00
1763272690530,5.6,2025-11-16 02:58:10.530000-03:00
1763272630242,5.1,2025-11-16 02:57:10.242000-03:00
1763272569877,4.6,2025-11-16 02:56:09.877000-03:00
1763272509584,4.1,2025-11-16 02:55:09.584000-03:00
1763272449220,3.7,2025-11-16 02:54:09.220000-03:00
1763272388891,3.5,2025-11-16 02:53:08.891000-03:00
1763272328566,4.1,2025-11-16 02:52:08.566000-03:00
1763272268176,5.0,2025-11-16 02:51:08.176000-03:00
1763272207850,5.6,2025-11-16 02:50:07.850000-03:00
1763272147522,6.1,2025-11-16 02:49:07.522000-03:00
1763272087196,5.7,2025-11-16 02:48:07.196000-03:00
1763272026909,5.2,2025-11-16 02:47:06.909000-03:00
1763271966540,4.7,2025-11-16 02:46:06.540000-03:00
1763271906215,4.2,2025-11-16 02:45:06.215000-03:00
1763271845889,3.8,2025-11-16 02:44:05.889000-03:00
1763271785271,3.5,2025-11-16 02:43:05.271000-03:00
1763271724950,3.8,2025-11-16 02:42:04.950000-03:00
1763271664634,4.8,2025-11-16 02:41:04.634000-03:00
1763271604292,5.5,2025-11-16 02:40:04.292000-03:00
1763271543966,6.0,2025-11-16 02:39:03.966000-03:00
1763271483671,5.9,2025-11-16 02:38:03.671000-03:00
1763271423305,5.4,2025-11-16 02:37:03.305000-03:00
1763271362989,4.8,2025-11-16 02:36:02.989000-03:00
1763271302658,4.3,2025-11-16 02:35:02.658000-03:00
1763271242333,3.9,2025-11-16 02:34:02.333000-03:00
1763271182003,3.5,2025-11-16 02:33:02.003000-03:00
1763271121675,3.7,2025-11-16 02:32:01.675000-03:00
1763271062009,4.6,2025-11-16 02:31:02.009000-03:00
1763271001025,5.4,2025-11-16 02:30:01.025000-03:00
1763270940696,5.9,2025-11-16 02:29:00.696000-03:00
1763270880381,6.0,2025-11-16 02:28:00.381000-03:00
1763270819920,5.5,2025-11-16 02:26:59.920000-03:00
1763270759589,4.9,2025-11-16 02:25:59.589000-03:00
1763270699260,4.5,2025-11-16 02:24:59.260000-03:00
1763270638955,4.0,2025-11-16 02:23:58.955000-03:00
1763270578607,3.6,2025-11-16 02:22:58.607000-03:00
1763270518279,3.6,2025-11-16 02:21:58.279000-03:00
1763270457954,4.3,2025-11-16 02:20:57.954000-03:00
1763270397634,5.2,2025-11-16 02:19:57.634000-03:00
1763270337308,5.8,2025-11-16 02:18:57.308000-03:00
1763270276973,6.1,2025-11-16 02:17:56.973000-03:00
1763270216648,5.6,2025-11-16 02:16:56.648000-03:00
1763270156319,5.1,2025-11-16 02:15:56.319000-03:00
1763270095992,4.5,2025-11-16 02:14:55.992000-03:00
1763270035670,4.1,2025-11-16 02:13:55.670000-03:00
1763269975339,3.6,2025-11-16 02:12:55.339000-03:00
1763269915017,3.5,2025-11-16 02:11:55.017000-03:00
1763269850221,4.3,2025-11-16 02:10:50.221000-03:00
1763269789898,5.2,2025-11-16 02:09:49.898000-03:00
1763269729569,5.8,2025-11-16 02:08:49.569000-03:00
1763269669256,6.1,2025-11-16 02:07:49.256000-03:00
1763269608914,5.6,2025-11-16 02:06:48.914000-03:00
1763269548606,5.1,2025-11-16 02:05:48.606000-03:00
1763269487963,4.6,2025-11-16 02:04:47.963000-03:00
1763269427701,4.1,2025-11-16 02:03:47.701000-03:00
1763269367312,3.7,2025-11-16 02:02:47.312000-03:00
1763269306986,3.5,2025-11-16 02:01:46.986000-03:00
1763269246659,4.1,2025-11-16 02:00:46.659000-03:00
1763269186337,5.0,2025-11-16 01:59:46.337000-03:00
1763269126005,5.7,2025-11-16 01:58:46.005000-03:00
1763269065679,6.1,2025-11-16 01:57:45.679000-03:00
1763269005351,5.7,2025-11-16 01:56:45.351000-03:00
1763268945023,5.2,2025-11-16 01:55:45.023000-03:00
1763268884698,4.7,2025-11-16 01:54:44.698000-03:00
1763268824370,4.2,2025-11-16 01:53:44.370000-03:00
1763268764043,3.7,2025-11-16 01:52:44.043000-03:00
1763268703722,3.5,2025-11-16 01:51:43.722000-03:00
1763268643397,4.0,2025-11-16 01:50:43.397000-03:00
1763268583070,4.9,2025-11-16 01:49:43.070000-03:00
1763268522618,5.6,2025-11-16 01:48:42.618000-03:00
1763268462275,6.0,2025-11-16 01:47:42.275000-03:00
1763268401950,5.8,2025-11-16 01:46:41.950000-03:00
1763268341622,5.3,2025-11-16 01:45:41.622000-03:00
1763268281292,4.8,2025-11-16 01:44:41.292000-03:00
1763268220965,4.3,2025-11-16 01:43:40.965000-03:00
1763268160650,3.8,2025-11-16 01:42:40.650000-03:00
1763268100334,3.5,2025-11-16 01:41:40.334000-03:00
1763268039991,3.8,2025-11-16 01:40:39.991000-03:00
1763267979660,4.8,2025-11-16 01:39:39.660000-03:00
1763267919335,5.5,2025-11-16 01:38:39.335000-03:00
1763267859005,6.0,2025-11-16 01:37:39.005000-03:00
1763267798678,5.9,2025-11-16 01:36:38.678000-03:00
1763267738353,5.4,2025-11-16 01:35:38.353000-03:00
1763267678026,4.8,2025-11-16 01:34:38.026000-03:00
1763267617703,4.4,2025-11-16 01:33:37.703000-03:00
1763267557177,3.9,2025-11-16 01:32:37.177000-03:00
1763267496843,3.5,2025-11-16 01:31:36.843000-03:00
1763267436513,3.8,2025-11-16 01:30:36.513000-03:00
1763267376193,4.7,2025-11-16 01:29:36.193000-03:00
1763267315876,5.4,2025-11-16 01:28:35.876000-03:00
1763267255535,5.9,2025-11-16 01:27:35.535000-03:00
1763267195155,6.0,2025-11-16 01:26:35.155000-03:00
1763267134837,5.4,2025-11-16 01:25:34.837000-03:00
1763267074502,4.9,2025-11-16 01:24:34.502000-03:00
1763267014176,4.4,2025-11-16 01:23:34.176000-03:00
1763266953850,3.9,2025-11-16 01:22:33.850000-03:00
1763266893536,3.5,2025-11-16 01:21:33.536000-03:00
1763266833195,3.7,2025-11-16 01:20:33.195000-03:00
1763266772878,4.5,2025-11-16 01:19:32.878000-03:00
1763266712544,5.3,2025-11-16 01:18:32.544000-03:00
1763266652148,5.9,2025-11-16 01:17:32.148000-03:00
1763266591819,6.0,2025-11-16 01:16:31.819000-03:00
1763266531498,5.5,2025-11-16 01:15:31.498000-03:00
1763266471167,5.0,2025-11-16 01:14:31.167000-03:00
1763266410839,4.5,2025-11-16 01:13:30.839000-03:00
1763266350513,4.0,2025-11-16 01:12:30.513000-03:00
1763266290184,3.6,2025-11-16 01:11:30.184000-03:00
1763266229856,3.6,2025-11-16 01:10:29.856000-03:00
1763266169555,4.5,2025-11-16 01:09:29.555000-03:00
1763266109169,5.3,2025-11-16 01:08:29.169000-03:00
1763266048841,5.8,2025-11-16 01:07:28.841000-03:00
1763265988517,6.0,2025-11-16 01:06:28.517000-03:00
1763265928190,5.5,2025-11-16 01:05:28.190000-03:00
1763265867861,5.0,2025-11-16 01:04:27.861000-03:00
1763265807549,4.5,2025-11-16 01:03:27.549000-03:00
1763265747209,4.0,2025-11-16 01:02:27.209000-03:00
1763265686589,3.6,2025-11-16 01:01:26.589000-03:00
1763265626262,3.6,2025-11-16 01:00:26.262000-03:00
1763265565937,4.4,2025-11-16 00:59:25.937000-03:00
1763265505606,5.3,2025-11-16 00:58:25.606000-03:00
1763265445285,5.8,2025-11-16 00:57:25.285000-03:00
1763265384956,6.1,2025-11-16 00:56:24.956000-03:00
1763265324633,5.6,2025-11-16 00:55:24.633000-03:00
1763265264298,5.0,2025-11-16 00:54:24.298000-03:00
1763265203979,4.5,2025-11-16 00:53:23.979000-03:00
1763265143654,4.0,2025-11-16 00:52:23.654000-03:00
1763265083318,3.6,2025-11-16 00:51:23.318000-03:00
1763265022997,3.7,2025-11-16 00:50:22.997000-03:00
1763264962666,4.5,2025-11-16 00:49:22.666000-03:00
1763264902336,5.4,2025-11-16 00:48:22.336000-03:00
1763264842011,6.0,2025-11-16 00:47:22.011000-03:00
1763264781680,6.3,2025-11-16 00:46:21.680000-03:00
1763264721178,5.8,2025-11-16 00:45:21.178000-03:00
1763264660844,5.5,2025-11-16 00:44:20.844000-03:00
1763264600529,5.3,2025-11-16 00:43:20.529000-03:00
1763264540143,5.0,2025-11-16 00:42:20.143000-03:00
1763264479836,4.8,2025-11-16 00:41:19.836000-03:00
1763264419484,4.5,2025-11-16 00:40:19.484000-03:00
1763264359159,4.3,2025-11-16 00:39:19.159000-03:00
1763264298831,4.1,2025-11-16 00:38:18.831000-03:00
1763264238513,3.9,2025-11-16 00:37:18.513000-03:00
1763264178181,3.7,2025-11-16 00:36:18.181000-03:00
1763264117854,3.5,2025-11-16 00:35:17.854000-03:00
1763264057523,3.6,2025-11-16 00:34:17.523000-03:00
1763263997194,4.4,2025-11-16 00:33:17.194000-03:00
1763263936866,5.3,2025-11-16 00:32:16.866000-03:00
1763263876550,5.8,2025-11-16 00:31:16.550000-03:00
1763263815567,6.0,2025-11-16 00:30:15.567000-03:00
1763263755250,5.5,2025-11-16 00:29:15.250000-03:00
1763263694919,5.0,2025-11-16 00:28:14.919000-03:00
1763263634588,4.5,2025-11-16 00:27:14.588000-03:00
1763263574276,4.0,2025-11-16 00:26:14.276000-03:00
1763263513940,3.6,2025-11-16 00:25:13.940000-03:00
1763263453603,3.5,2025-11-16 00:24:13.603000-03:00
1763263393278,4.3,2025-11-16 00:23:13.278000-03:00
1763263332966,5.2,2025-11-16 00:22:12.966000-03:00
1763263272628,5.7,2025-11-16 00:21:12.628000-03:00
1763263212310,6.1,2025-11-16 00:20:12.310000-03:00
1763263151968,5.6,2025-11-16 00:19:11.968000-03:00
1763263091652,5.1,2025-11-16 00:18:11.652000-03:00
1763263031316,4.6,2025-11-16 00:17:11.316000-03:00
1763262970987,4.1,2025-11-16 00:16:10.987000-03:00
1763262910557,3.7,2025-11-16 00:15:10.557000-03:00
1763262850232,3.5,2025-11-16 00:14:10.232000-03:00
1763262789907,4.1,2025-11-16 00:13:09.907000-03:00
1763262729576,5.0,2025-11-16 00:12:09.576000-03:00
1763262669257,5.6,2025-11-16 00:11:09.257000-03:00
1763262608936,6.1,2025-11-16 00:10:08.936000-03:00
1763262548607,5.7,2025-11-16 00:09:08.607000-03:00
1763262488276,5.2,2025-11-16 00:08:08.276000-03:00
1763262427944,4.7,2025-11-16 00:07:07.944000-03:00
1763262367614,4.2,2025-11-16 00:06:07.614000-03:00
1763262307294,3.8,2025-11-16 00:05:07.294000-03:00
1763262246965,3.5,2025-11-16 00:04:06.965000-03:00
1763262186639,3.9,2025-11-16 00:03:06.639000-03:00
1763262126307,4.8,2025-11-16 00:02:06.307000-03:00
1763262125508,5.6,2025-11-16 00:02:05.508000-03:00
1763262005651,6.0,2025-11-16 00:00:05.651000-03:00
